ID,CS,SQI
2,9,53
3,804,4046
4,804,4046
5,804,4046
6,803,4044
7,803,4044
8,1316,7193
9,1316,7193
10,1316,7193
11,1316,7193
12,1331,7243
13,1333,7247
14,1335,7254
15,1335,7254
16,1329,7234
17,1329,7234
18,1329,7234
19,1329,7234
20,1329,7234
21,1597,8594
22,1597,8594
23,1605,8624
24,1614,8737
25,1614,8737
26,1614,8737
27,1614,8737
28,1614,8737
29,1614,8737
30,1601,8676
31,1597,8654
32,1593,8634
33,1586,8591
34,1586,8591
35,1586,8591
36,1587,8596
37,1587,8596
38,2315,12763
39,2315,12763
40,1521,8199
41,1517,8169
42,1517,8169
43,1518,8174
44,1535,8275
45,1565,8421
46,1580,8541
47,1580,8541
48,1579,8536
49,1563,8456
50,1563,8456
51,1563,8456
52,1564,8461
53,1564,8461
54,1557,8433
55,1557,8433
56,1557,8433
57,1557,8433
58,1556,8428
59,1556,8428
60,1546,8391
61,1546,8391
62,1546,8391
63,1566,8537
64,1566,8537
65,1566,8537
66,1548,8447
67,1548,8447
68,1546,8437
69,1546,8437
70,1547,8439
71,1544,8424
72,1489,8094
73,1489,8094
74,1489,8094
75,1489,8094
76,1495,8138
77,1495,8138
78,1495,8141
79,1494,8136
80,1494,8136
81,1489,8086
82,1489,8086
83,1487,8058
84,1484,8046
85,1485,8051
86,1485,8051
87,1485,8051
88,1485,8051
89,1485,8051
90,1485,8051
91,1485,8051
92,1482,8040
93,1479,8032
94,1479,8032
95,1479,8032
96,1477,8022
97,1478,8027
98,1478,8027
99,1478,8027
100,1478,8027
101,1477,8022
102,1477,8022
103,1477,8022
104,1476,8020
105,1476,8020
106,1476,8020
107,1476,8020
108,1476,8020
109,1476,8020
110,1478,8024
111,1479,8026
112,1484,8049
113,1484,8049
114,1480,7965
115,1479,7951
116,1470,7882
117,1470,7882
118,1487,7971
119,1487,7971
120,1487,7971
121,1487,7971
122,1484,7956
123,1477,7865
124,1477,7865
125,1472,7850
126,1453,7755
127,1450,7711
128,1445,7658
129,1445,7658
130,1429,7620
131,1429,7620
132,1429,7620
133,1428,7599
134,1427,7589
135,1427,7589
136,1422,7564
137,1419,7536
138,1419,7536
139,1417,7532
140,1417,7532
141,1418,7540
142,1419,7542
143,1434,7596
144,1434,7596
145,1432,7587
146,1432,7587
147,1432,7587
148,1432,7587
149,1432,7587
150,1432,7587
151,1431,7582
152,1431,7582
153,1430,7580
154,1430,7580
155,1430,7580
156,1430,7580
157,1430,7580
158,1430,7580
159,1431,7582
160,1432,7584
161,1432,7584
162,1433,7585
163,1433,7585
164,1429,7545
165,1418,7490
166,1418,7490
167,1423,7506
168,1423,7506
169,1423,7506
170,1424,7507
171,1424,7507
172,1424,7507
173,1424,7507
174,1424,7507
175,1426,7517
176,1426,7517
177,1426,7517
178,1428,7542
179,1428,7542
180,1428,7542
181,1428,7542
182,1428,7542
183,1428,7542
184,1439,7564
185,1440,7566
186,1440,7566
187,1440,7566
188,1440,7566
189,1437,7542
190,1436,7539
191,1436,7540
192,1435,7535
193,1336,7053
194,1434,7533
195,1434,7533
196,1434,7533
197,1430,7513
198,1428,7485
199,1456,7619
200,1460,7633
201,1460,7633
202,1460,7633
203,1460,7633
204,1460,7633
205,1461,7641
206,1461,7641
207,1461,7641
208,1503,7912
209,1503,7913
210,1501,7886
211,1501,7886
212,1501,7896
213,1502,7898
214,1503,7903
215,1500,7888
216,1500,7890
217,1500,7890
218,1500,7890
219,1501,7891
220,1502,7893
221,1502,7893
222,1501,7883
223,1501,7897
224,1501,7897
225,1501,7897
226,1501,7897
227,1501,7897
228,1501,7897
229,1501,7897
230,1506,7939
231,1506,7939
232,1506,7939
233,1512,7985
234,1512,7985
235,1512,7985
236,1522,8059
237,1522,8059
238,1522,8059
239,1522,8059
240,1522,8059
241,1459,7741
242,1459,7741
243,1460,7743
244,1460,7744
245,1460,7744
246,1460,7744
247,1460,7744
248,1459,7739
249,1459,7739
250,1459,7739
251,1459,7739
252,1455,7725
253,1455,7725
254,1458,7726
255,1458,7726
256,1458,7726
257,1458,7726
258,1458,7726
259,1459,7746
260,1459,7746
261,1459,7746
262,1459,7746
263,1459,7746
264,1459,7746
265,1471,7814
266,1471,7814
267,1471,7814
268,1471,7814
269,1471,7814
270,1471,7814
271,1471,7814
272,1471,7816
273,1470,7806
274,1470,7806
275,1470,7806
276,1476,7845
277,1476,7845
278,1476,7842
279,1473,7834
280,1536,8218
281,1486,7906
282,1487,7908
283,1487,7908
284,1488,7910
285,1488,7910
286,1488,7910
287,1488,7910
288,1488,7910
289,1488,7910
290,1492,7963
291,1493,7973
292,1493,7973
293,1493,7988
294,1534,8185
295,1532,8155
296,1533,8157
297,1533,8157
298,1533,8157
299,1533,8157
300,1533,8157
301,1533,8157
302,1535,8161
303,1535,8161
304,1535,8161
305,1535,8161
306,1532,8146
307,1532,8146
308,1532,8144
309,1532,8144
310,1532,8144
311,1532,8144
312,1515,8110
313,1516,8111
314,1515,8110
315,1519,8118
316,1518,8113
317,1519,8118
318,1515,8110
319,1515,8110
320,1516,8115
321,1515,8110
322,1515,8110
323,1525,8136
324,1525,8136
325,1525,8136
326,1525,8136
327,1525,8136
328,1525,8136
329,1525,8136
330,1525,8136
331,1525,8136
332,1529,8153
333,1529,8153
334,1529,8153
335,1531,8159
336,1531,8159
337,1531,8159
338,1531,8159
339,1531,8159
340,1531,8159
341,1531,8159
342,1531,8159
343,1531,8159
344,1531,8159
345,1531,8159
346,1531,8159
347,1533,8199
348,1540,8269
349,1540,8269
350,1540,8269
351,1540,8271
352,1537,8276
353,1541,8284
354,1543,8288
355,1544,8310
356,1544,8310
357,1544,8310
358,1544,8310
359,1544,8310
360,1543,8308
361,1543,8308
362,1543,8308
363,1547,8316
364,1547,8316
365,1547,8316
366,1547,8316
367,1547,8316
368,1547,8316
369,1547,8316
370,1547,8316
371,1529,8213
372,1529,8213
373,1529,8213
374,1537,8241
375,1542,8255
376,1542,8255
377,1542,8255
378,1542,8255
379,1542,8255
380,1552,8331
381,1599,8597
382,1622,8707
383,1566,8370
384,1566,8370
385,1566,8370
386,1566,8370
387,1566,8370
388,1568,8379
389,1568,8379
390,1571,8385
391,1571,8385
392,1573,8392
393,1572,8390
394,1574,8402
395,1574,8402
396,1574,8402
397,1573,8397
398,1574,8402
399,1574,8402
400,1574,8402
401,1551,8287
402,1574,8402
403,1574,8402
404,1574,8402
405,1574,8382
406,1574,8382
407,1569,8364
408,1569,8364
409,1569,8364
410,1569,8364
411,1567,8334
412,1567,8334
413,1567,8334
414,1567,8334
415,1567,8334
416,1565,8324
417,1567,8334
418,1568,8336
419,1568,8336
420,1568,8336
421,1569,8338
422,1569,8338
423,1569,8338
424,1571,8342
425,1572,8344
426,1559,8279
427,1559,8279
428,1560,8284
429,1560,8284
430,1560,8284
431,1560,8284
432,1561,8292
433,1561,8292
434,1563,8296
435,1561,8292
436,1561,8292
437,1561,8292
438,1561,8292
439,1561,8292
440,1561,8294
441,1561,8294
442,1561,8294
443,1561,8294
444,1561,8294
445,1561,8294
446,1561,8294
447,1561,8294
448,1561,8294
449,1560,8289
450,1560,8289
451,1560,8289
452,1559,8288
453,1559,8288
454,1573,8383
455,1573,8383
456,1574,8388
457,1574,8388
458,1574,8386
459,1574,8386
460,1574,8386
461,1574,8386
462,1574,8386
463,1574,8386
464,1574,8386
465,1575,8388
466,1580,8404
467,1580,8404
468,1581,8404
469,1579,8400
470,1603,8568
471,1602,8560
472,1602,8560
473,1602,8560
474,1602,8560
475,1602,8560
476,1602,8560
477,1602,8560
478,1602,8560
479,1760,9376
480,1760,9376
481,1762,9383
482,1762,9383
483,1762,9383
484,1764,9413
485,1764,9413
486,1770,9463
487,1792,9623
488,1792,9623
489,1791,9615
490,1791,9635
491,1778,9500
492,1778,9500
493,1778,9500
494,1778,9500
495,1778,9500
496,1778,9540
497,1778,9540
498,1674,9013
499,1674,9013
500,1674,9011
501,1674,9011
502,1674,9011
503,1674,9011
504,1682,9052
505,1682,9052
506,1687,9074
507,1687,9074
508,1698,9116
509,1704,9153
510,1699,9138
511,1700,9143
512,1700,9144
513,1700,9144
514,1700,9144
515,1702,9148
516,1701,9146
517,1701,9146
518,1701,9146
519,1701,9146
520,1702,9151
521,1704,9194
522,1704,9194
523,1704,9183
524,1706,9195
525,1708,9210
526,1708,9210
527,1710,9220
528,1716,9238
529,1720,9249
530,1722,9259
531,1722,9259
532,1699,9123
533,1704,9195
534,1705,9200
535,1700,9128
536,1700,9128
537,1700,9128
538,1700,9128
539,1702,9168
540,1702,9168
541,1702,9168
542,1700,9161
543,1700,9161
544,1700,9161
545,1700,9161
546,1774,9633
547,1774,9633
548,1781,9655
549,1773,9579
550,1773,9583
551,1773,9583
552,1773,9583
553,1773,9583
554,1773,9583
555,1776,9597
556,1776,9597
557,1776,9597
558,1777,9602
559,1782,9562
560,1784,9566
561,1792,9644
562,1792,9644
563,1792,9644
564,1792,9644
565,1793,9643
566,1787,9589
567,1787,9589
568,1783,9564
569,1783,9564
570,1783,9564
571,1781,9550
572,1783,9554
573,1783,9554
574,1783,9554
575,1783,9554
576,1784,9556
577,1784,9556
578,1785,9564
579,1784,9556
580,1785,9561
581,1785,9561
582,1786,9563
583,1786,9563
584,1786,9563
585,1822,9830
586,1822,9830
587,1821,9825
588,1821,9825
589,1822,9830
590,1804,9740
591,1807,9745
592,1807,9745
593,1807,9745
594,1807,9745
595,1808,9753
596,1801,9720
597,1801,9720
598,1792,9652
599,1792,9652
600,1791,9687
601,1806,9724
602,1782,9581
603,1782,9581
604,1782,9581
605,1782,9581
606,1782,9581
607,1783,9589
608,1783,9589
609,1783,9589
610,1783,9589
611,1783,9589
612,1783,9589
613,1783,9589
614,1784,9591
615,1784,9591
616,1784,9591
617,1784,9591
618,1785,9596
619,1785,9596
620,1787,9600
621,1787,9600
622,1787,9600
623,1787,9600
624,1785,9560
625,1785,9560
626,1760,9405
627,1760,9405
628,1759,9404
629,1760,9412
630,1799,9708
631,1799,9708
632,1799,9708
633,1802,9723
634,1802,9723
635,1802,9723
636,1797,9726
637,1790,9712
638,1790,9712
639,1792,9722
640,1794,9741
641,1794,9741
642,1802,9770
643,1804,9774
644,1804,9774
645,1805,9776
646,1805,9776
647,1824,9875
648,1824,9875
649,1860,10067
650,1863,10084
651,1863,10084
652,1865,10109
653,1864,10096
654,1852,10032
655,1852,10032
656,1839,9968
657,1839,9968
658,1852,9995
659,1850,9991
660,1850,9991
661,1850,9991
662,1847,9892
663,1848,9900
664,1861,9938
665,1861,9938
666,1863,9940
667,1863,9940
668,1858,9927
669,1858,9927
670,1870,9985
671,1870,9985
672,1871,9987
673,1871,9987
674,1871,9981
675,1872,9977
676,1874,9981
677,1875,9985
678,1876,9990
679,1876,9990
680,1878,9997
681,1879,10015
682,1881,9979
683,1882,9981
684,1882,9981
685,1882,9981
686,1881,9976
687,1883,9989
688,1895,10021
689,1895,10021
690,1895,10021
691,1895,10021
692,1895,10021
693,1895,10021
694,1831,9710
695,1831,9710
696,1831,9710
697,1828,9692
698,1828,9692
699,1828,9692
700,1828,9692
701,1827,9672
702,1827,9672
703,1827,9672
704,1827,9672
705,1827,9672
706,1826,9667
707,1826,9667
708,1826,9667
709,1824,9651
710,1824,9651
711,1824,9651
712,1824,9651
713,1824,9651
714,1836,9714
715,1836,9714
716,1836,9715
717,1836,9715
718,1836,9715
719,1836,9715
720,1836,9715
721,1836,9715
722,1836,9715
723,1836,9715
724,1838,9725
725,1837,9718
726,1837,9718
727,1837,9718
728,1837,9718
729,1837,9718
730,1837,9718
731,1837,9718
732,1838,9720
733,1838,9720
734,1839,9725
735,1838,9720
736,1838,9720
737,1839,9725
738,1839,9725
739,1839,9725
740,1839,9725
741,1852,9787
742,1852,9787
743,1852,9787
744,1858,9799
745,1870,9898
746,1870,9898
747,1875,9930
748,1875,9930
749,1875,9930
750,1875,9930
751,1875,9930
752,1875,9935
753,1875,9935
754,1880,9994
755,1880,9994
756,1880,9994
757,1882,10001
758,1880,9988
759,1884,10017
760,1883,10011
761,1883,10011
762,1884,10016
763,1886,10026
764,1886,10026
765,1886,10026
766,1886,10026
767,1886,10026
768,1885,10020
769,1885,10020
770,1886,10027
771,1886,10024
772,1887,10032
773,1886,10027
774,1886,10027
775,1886,10027
776,1886,10027
777,1886,10027
778,1886,10031
779,1886,10031
780,1887,10045
781,1887,10045
782,1887,10045
783,1887,10045
784,1887,10045
785,1887,10045
786,1887,10045
787,1887,10045
788,1888,10053
789,1888,10053
790,1888,10053
791,1888,10053
792,1840,9759
793,1840,9759
794,1840,9759
795,1840,9763
796,1840,9763
797,1840,9769
798,1862,9928
799,1860,9922
800,1864,9932
801,1864,9896
802,1864,9896
803,1864,9896
804,1864,9926
805,1865,9938
806,1865,9938
807,1865,9908
808,1865,9908
809,1865,9908
810,1865,9908
811,1862,9870
812,1862,9864
813,1862,9864
814,1863,9871
815,1862,9869
816,1868,9887
817,1868,9887
818,1868,9887
819,1868,9887
820,1868,9887
821,1868,9887
822,1868,9887
823,1868,9887
824,1868,9887
825,1868,9887
826,1868,9887
827,1868,9887
828,1868,9887
829,1868,9887
830,1868,9887
831,1873,9922
832,1873,9922
833,1873,9922
834,1874,9924
835,1874,9924
836,1876,9949
837,1878,9954
838,1878,9954
839,1878,9954
840,1878,9954
841,1879,9962
842,1879,9962
843,1879,9962
844,1879,9962
845,1878,9960
846,1878,9960
847,1879,9968
848,1880,9982
849,1880,9982
850,1878,9970
851,1879,9975
852,1879,9975
853,1877,9965
854,1877,9965
855,1877,9965
856,1877,9965
857,1877,9965
858,1876,9971
859,1876,9971
860,1876,9971
861,1876,9971
862,1876,9971
863,1876,9971
864,1876,9971
865,1876,9971
866,1876,9971
867,1876,9971
868,1876,9971
869,1904,10189
870,1905,10191
871,1905,10191
872,1850,9920
873,1871,10016
874,1871,10016
875,1871,10016
876,1871,10018
877,1871,10024
878,1872,10029
879,1872,10029
880,1872,10029
881,1879,10088
882,1879,10088
883,1876,10074
884,1876,10074
885,1823,9789
886,1874,10096
887,1887,10160
888,1889,10170
889,1889,10170
890,1889,10168
891,1889,10168
892,1889,10168
893,1891,10192
894,1891,10196
895,1860,9968
896,1860,9968
897,1892,10206
898,1892,10206
899,1892,10206
900,1891,10201
901,1891,10201
902,1899,10229
903,1898,10219
904,1898,10219
905,1898,10219
906,1898,10219
907,1899,10221
908,1901,10234
909,1901,10234
910,1900,10232
911,1901,10237
912,1904,10252
913,1904,10252
914,1725,9487
915,1725,9487
916,1900,10214
917,1901,10224
918,1901,10224
919,1901,10224
920,1901,10224
921,1901,10224
922,1901,10226
923,1901,10224
924,1901,10224
925,1901,10224
926,1901,10224
927,1901,10224
928,1902,10218
929,1902,10218
930,1902,10218
931,1903,10223
932,1903,10223
933,1902,10215
934,1902,10215
935,1903,10223
936,1926,10397
937,1926,10397
938,1927,10402
939,1930,10414
940,1925,10390
941,1925,10390
942,1930,10415
943,1930,10415
944,1930,10415
945,1941,10650
946,1946,10678
947,1946,10678
948,1946,10678
949,1947,10684
950,1947,10684
951,1947,10684
952,1951,10712
953,1951,10712
954,1971,10882
955,1971,10895
956,1978,10968
957,1981,10996
958,1981,10996
959,1981,10996
960,1981,10996
961,1981,10996
962,1981,10998
963,1980,10973
964,1980,10973
965,1980,10973
966,1980,10975
967,1980,10975
968,1981,10977
969,2017,11226
970,2017,11226
971,2018,11231
972,2018,11231
973,2018,11231
974,2023,11256
975,2023,11256
976,2023,11256
977,2024,11264
978,2025,11266
979,2044,11378
980,2045,11380
981,2045,11380
982,2049,11442
983,2048,11437
984,2053,11462
985,2053,11462
986,2053,11462
987,2061,11541
988,2067,11561
989,2067,11561
990,2067,11561
991,2067,11561
992,2067,11561
993,2067,11561
994,2065,11548
995,2066,11578
996,2072,11608
997,2072,11608
998,2072,11608
999,2072,11608
1000,2073,11613
1001,2072,11605
1002,2075,11621
1003,2075,11621
1004,2075,11621
1005,2075,11621
1006,2075,11621
1007,2074,11606
1008,2080,11626
1009,2080,11626
1010,2082,11650
1011,2083,11673
1012,2083,11670
1013,2083,11670
1014,2068,11550
1015,2069,11558
1016,2070,11560
1017,2070,11560
1018,2070,11560
1019,2070,11560
1020,2070,11560
1021,2071,11562
1022,2069,11552
1023,2069,11552
1024,2069,11550
1025,2069,11550
1026,2069,11550
1027,2069,11550
1028,2070,11552
1029,2070,11552
1030,2070,11552
1031,2071,11560
1032,2071,11560
1033,2071,11560
1034,2071,11560
1035,2071,11560
1036,2074,11581
1037,2074,11581
1038,2074,11581
1039,2075,11589
1040,2075,11589
1041,2075,11589
1042,2074,11583
1043,2071,11562
1044,2070,11557
1045,2068,11547
1046,2068,11547
1047,2068,11547
1048,2068,11549
1049,2068,11549
1050,2068,11549
1051,2067,11545
1052,2067,11545
1053,2067,11545
1054,2067,11545
1055,2081,11627
1056,2082,11629
1057,2084,11636
1058,2081,11558
1059,2081,11558
1060,2081,11558
1061,2081,11558
1062,2081,11558
1063,2081,11558
1064,2081,11558
1065,2081,11558
1066,2078,11516
1067,2078,11516
1068,2078,11516
1069,2078,11516
1070,2078,11514
1071,2078,11514
1072,2086,11544
1073,2086,11544
1074,2103,11622
1075,2103,11622
1076,2113,11675
1077,2103,11552
1078,2093,11493
1079,2092,11491
1080,2127,11631
1081,2114,11525
1082,2125,11623
1083,2125,11623
1084,2125,11624
1085,2125,11624
1086,2125,11624
1087,2123,11617
1088,2124,11635
1089,2127,11656
1090,2127,11656
1091,2127,11656
1092,2127,11656
1093,2127,11656
1094,2128,11661
1095,2130,11671
1096,2173,11840
1097,2173,11840
1098,2174,11842
1099,2176,11856
1100,2154,11888
1101,2154,11888
1102,2213,12231
1103,2213,12231
1104,2213,12231
1105,2213,12231
1106,2217,12283
1107,2208,12239
1108,1559,10226
1109,1723,11287
1110,1723,11267
1111,1723,11247
1112,1724,11262
1113,1724,11262
1114,1724,11262
1115,1724,11262
1116,1725,11264
1117,1725,11264
1118,1725,11264
1119,1740,11358
1120,1740,11358
1121,1707,11093
1122,1707,11093
1123,1707,11093
1124,1707,11093
1125,1708,11111
1126,1708,11111
1127,1708,11111
1128,1708,11051
1129,1708,11051
1130,1708,11071
1131,1710,11084
1132,1712,11088
1133,1712,11088
1134,1726,11202
1135,1727,11210
1136,1727,11210
1137,1725,11168
1138,1725,11168
1139,1725,11168
1140,1725,11168
1141,1728,11192
1142,1754,11312
1143,1754,11312
1144,1753,11307
1145,1754,11317
1146,1754,11321
1147,1754,11321
1148,1757,11354
1149,1757,11354
1150,1763,11401
1151,1722,11092
1152,1762,11399
1153,1761,11379
1154,1761,11379
1155,1778,11503
1156,1784,11533
1157,1784,11533
1158,1784,11533
1159,1789,11555
1160,1789,11555
1161,1789,11555
1162,1789,11555
1163,1789,11555
1164,1789,11555
1165,1790,11563
1166,1790,11569
1167,1790,11569
1168,1790,11569
1169,1790,11569
1170,1791,11577
1171,1791,11577
1172,1792,11585
1173,1792,11585
1174,1792,11585
1175,1796,11625
1176,1796,11625
1177,1796,11625
1178,1796,11625
1179,1796,11625
1180,1799,11620
1181,1799,11620
1182,1799,11620
1183,1799,11620
1184,1799,11620
1185,1799,11605
1186,1799,11605
1187,1799,11605
1188,1799,11605
1189,1799,11605
1190,1799,11605
1191,1799,11605
1192,1799,11605
1193,1799,11605
1194,1799,11605
1195,1806,11643
1196,1812,11667
1197,1812,11675
1198,1810,11665
1199,1810,11665
1200,1810,11665
1201,1810,11665
1202,1810,11665
1203,1813,11638
1204,1816,11647
1205,1815,11642
1206,1819,11656
1207,1819,11656
1208,1819,11656
1209,1819,11656
1210,1815,11639
1211,1815,11639
1212,1819,11656
1213,1819,11656
1214,1819,11656
1215,1814,11608
1216,1814,11608
1217,1816,11625
1218,1816,11625
1219,1817,11627
1220,1819,11635
1221,1819,11635
1222,1819,11635
1223,1819,11635
1224,1819,11635
1225,1819,11635
1226,1816,11603
1227,1819,11650
1228,1820,11655
1229,1822,11690
1230,1826,11698
1231,1826,11700
1232,1826,11700
1233,1831,11731
1234,1831,11731
1235,1835,11746
1236,1838,11757
1237,1837,11749
1238,1837,11749
1239,1845,11777
1240,1845,11777
1241,1845,11777
1242,1845,11777
1243,1834,11687
1244,1839,11709
1245,1839,11690
1246,1839,11690
1247,1839,11690
1248,1837,11688
1249,1837,11688
1250,1837,11688
1251,1837,11690
1252,1837,11690
1253,1837,11690
1254,1837,11690
1255,1841,11698
1256,1839,11687
1257,1839,11687
1258,1841,11695
1259,1841,11695
1260,1841,11695
1261,1843,11699
1262,1843,11699
1263,1843,11699
1264,1841,11695
1265,1841,11695
1266,1841,11695
1267,1841,11695
1268,1841,11695
1269,1841,11695
1270,1841,11695
1271,1842,11697
1272,1842,11697
1273,1844,11706
1274,1844,11706
1275,1844,11706
1276,1844,11706
1277,1844,11706
1278,1844,11706
1279,1847,11733
1280,1847,11733
1281,1847,11733
1282,1848,11738
1283,1848,11738
1284,1848,11738
1285,1848,11738
1286,1856,11803
1287,1856,11803
1288,1856,11803
1289,1856,11803
1290,1857,11805
1291,1857,11805
1292,1857,11805
1293,1858,11813
1294,1858,11813
1295,1858,11813
1296,1858,11813
1297,1858,11813
1298,1858,11813
1299,1858,11813
1300,1827,11553
1301,1823,11533
1302,1823,11533
1303,1854,11793
1304,1857,11799
1305,1858,11814
1306,1858,11814
1307,1859,11816
1308,1859,11816
1309,1859,11816
1310,1770,11314
1311,1770,11314
1312,1770,11314
1313,1770,11314
1314,1770,11314
1315,1769,11309
1316,1769,11309
1317,1769,11309
1318,1769,11309
1319,1769,11309
1320,1769,11309
1321,1858,11811
1322,1860,11815
1323,1860,11815
1324,1860,11815
1325,1860,11815
1326,1860,11815
1327,1860,11815
1328,1860,11818
1329,1860,11818
1330,1860,11818
1331,1860,11818
1332,1860,11818
1333,1860,11818
1334,1860,11818
1335,1861,11823
1336,1861,11823
1337,1861,11823
1338,1861,11823
1339,1861,11823
1340,1861,11823
1341,1861,11823
1342,1861,11823
1343,1861,11823
1344,1861,11823
1345,1872,11861
1346,1930,12294
1347,1930,12294
1348,1947,12403
1349,1930,12294
1350,1930,12297
1351,1959,12493
1352,1960,12500
1353,1976,12637
1354,1985,12837
1355,1985,12837
1356,1985,12837
1357,1985,12837
1358,1983,12830
1359,1976,12748
1360,1976,12748
1361,1976,12748
1362,1976,12748
1363,1976,12748
1364,1976,12748
1365,1975,12746
1366,1976,12752
1367,1978,12756
1368,1977,12754
1369,1977,12754
1370,1982,12778
1371,1982,12778
1372,1984,12794
1373,1990,12801
1374,1985,12762
1375,1985,12764
1376,1986,12772
1377,1986,12772
1378,1987,12780
1379,1988,12782
1380,1988,12782
1381,1989,12784
1382,1991,12787
1383,1987,12773
1384,1987,12773
1385,1986,12747
1386,1987,12752
1387,1987,12752
1388,1991,12794
1389,1991,12798
1390,1991,12798
1391,1991,12798
1392,1992,12806
1393,1990,12796
1394,1991,12803
1395,1992,12805
1396,1992,12805
1397,1992,12805
1398,1994,12809
1399,1994,12811
1400,1999,12826
1401,1998,12825
1402,1997,12823
1403,1996,12821
1404,1998,12808
1405,1998,12808
1406,1998,12808
1407,1998,12808
1408,1998,12808
1409,1998,12808
1410,1998,12808
1411,1998,12806
1412,2000,12820
1413,2000,12820
1414,2000,12820
1415,2000,12820
1416,2000,12822
1417,2000,12822
1418,2000,12822
1419,2000,12822
1420,2001,12800
1421,2005,12814
1422,2006,12822
1423,2007,12834
1424,2006,12832
1425,2007,12840
1426,2007,12840
1427,2007,12840
1428,2006,12838
1429,2006,12838
1430,2006,12840
1431,2006,12840
1432,2006,12848
1433,2006,12848
1434,2006,12848
1435,2007,12850
1436,2007,12850
1437,2007,12850
1438,2007,12850
1439,2007,12850
1440,2008,12858
1441,2008,12858
1442,2008,12858
1443,2008,12858
1444,2008,12858
1445,2008,12858
1446,2008,12858
1447,2008,12858
1448,2008,12858
1449,2012,12899
1450,2012,12899
1451,2011,12891
1452,2009,12884
1453,2009,12884
1454,2009,12884
1455,2009,12884
1456,2009,12884
1457,2009,12884
1458,2008,12879
1459,2008,12889
1460,2008,12889
1461,2008,12891
1462,2008,12891
1463,2008,12891
1464,2008,12891
1465,2008,12891
1466,2008,12891
1467,2008,12891
1468,2008,12891
1469,2008,12891
1470,2008,12891
1471,2008,12891
1472,2008,12891
1473,2008,12891
1474,2008,12891
1475,2008,12891
1476,2008,12891
1477,2009,12851
1478,2011,12855
1479,2011,12855
1480,2015,12870
1481,2014,12868
1482,2014,12868
1483,2014,12868
1484,2013,12858
1485,2013,12858
1486,2013,12858
1487,2014,12860
1488,2014,12860
1489,2027,12926
1490,2027,12928
1491,2029,12952
1492,2030,12963
1493,2031,12971
1494,2031,12971
1495,2031,12971
1496,2031,12971
1497,2031,12971
1498,2031,12971
1499,2031,12971
1500,2030,12955
1501,2030,12955
1502,2030,12955
1503,2025,12942
1504,2025,12942
1505,2023,12938
1506,2023,12938
1507,2065,13194
1508,2065,13194
1509,2064,13186
1510,2064,13186
1511,2064,13186
1512,2064,13186
1513,2065,13191
1514,2065,13197
1515,2065,13207
1516,2079,13567
1517,2079,13567
1518,2079,13567
1519,2079,13567
1520,2079,13567
1521,2079,13565
1522,2082,13583
1523,2082,13583
1524,2082,13583
1525,2088,13613
1526,2089,13619
1527,2098,13684
1528,2112,13781
1529,2112,13781
1530,2112,13781
1531,2113,13794
1532,2113,13794
1533,2113,13794
1534,2113,13794
1535,2113,13794
1536,2113,13749
1537,2113,13749
1538,2117,13778
1539,2117,13768
1540,2117,13768
1541,2117,13768
1542,2119,13788
1543,2124,13804
1544,2124,13801
1545,2124,13801
1546,2124,13801
1547,2124,13801
1548,2124,13801
1549,2124,13801
1550,2140,13893
1551,2139,13883
1552,2139,13883
1553,2139,13883
1554,2139,13883
1555,2141,13893
1556,2144,13899
1557,2145,13913
1558,2147,13936
1559,2147,13936
1560,2146,13931
1561,2148,13938
1562,2154,13998
1563,2188,14289
1564,2188,14289
1565,2187,14316
1566,2187,14316
1567,2187,14306
1568,2190,14338
1569,2189,14333
1570,2190,14349
1571,2190,14349
1572,2190,14349
1573,2190,14349
1574,2190,14349
1575,2210,14561
1576,2210,14561
1577,2210,14561
1578,2210,14561
1579,2209,14559
1580,2211,14581
1581,2211,14581
1582,2212,14589
1583,2212,14589
1584,2212,14589
1585,2212,14589
1586,2211,14584
1587,2211,14584
1588,2211,14584
1589,2213,14588
1590,2213,14588
1591,2173,14403
1592,2173,14403
1593,2171,14364
1594,2161,14268
1595,2158,14258
1596,2133,14021
1597,2132,13981
1598,2132,13981
1599,2133,14076
1600,2133,14076
1601,2108,13938
1602,2108,13938
1603,2109,13942
1604,2109,13942
1605,2114,13955
1606,2114,13955
1607,2112,13943
1608,2112,13943
1609,2112,13943
1610,2112,13955
1611,2112,13955
1612,2112,13955
1613,2112,13955
1614,2111,13930
1615,2112,13935
1616,2118,13954
1617,2119,13956
1618,2119,13956
1619,2119,13956
1620,2124,13975
1621,2124,13975
1622,2127,13990
1623,2127,13990
1624,2130,13996
1625,2129,13986
1626,2131,14006
1627,2131,14006
1628,2131,14006
1629,2133,14016
1630,2135,14026
1631,2134,14018
1632,2138,14051
1633,2138,14051
1634,2138,14051
1635,2138,14051
1636,2139,14060
1637,2139,14060
1638,2183,14446
1639,2183,14454
1640,2183,14454
1641,2183,14454
1642,2184,14459
1643,2184,14484
1644,2184,14484
1645,2184,14484
1646,2184,14484
1647,2187,14489
1648,2187,14489
1649,2186,14488
1650,2186,14488
1651,2186,14488
1652,2185,14487
1653,2184,14486
1654,2184,14486
1655,2186,14505
1656,2189,14525
1657,2189,14525
1658,2192,14599
1659,2191,14597
1660,2191,14597
1661,2191,14597
1662,2191,14597
1663,2191,14597
1664,2150,14256
1665,2150,14256
1666,2150,14256
1667,2151,14258
1668,2151,14258
1669,2148,14252
1670,2161,14367
1671,2168,14413
1672,2170,14435
1673,2171,14440
1674,2170,14409
1675,2172,14441
1676,2172,14441
1677,2172,14441
1678,2173,14443
1679,2173,14443
1680,2175,14450
1681,2174,14445
1682,2176,14441
1683,2176,14441
1684,2200,14893
1685,2176,14441
1686,2176,14441
1687,2174,14437
1688,2173,14435
1689,2173,14433
1690,2173,14433
1691,2173,14433
1692,2173,14433
1693,2173,14433
1694,2173,14433
1695,2172,14421
1696,2171,14416
1697,2171,14416
1698,2171,14416
1699,2055,13723
1700,2055,13723
1701,2055,13723
1702,2054,13715
1703,2052,13732
1704,2052,13732
1705,2052,13732
1706,2053,13736
1707,2053,13736
1708,2053,13736
1709,2056,13739
1710,2056,13739
1711,2056,13741
1712,2056,13741
1713,2058,13748
1714,2058,13748
1715,2058,13751
1716,2058,13751
1717,2058,13751
1718,2057,13746
1719,2057,13746
1720,2057,13746
1721,2057,13746
1722,2057,13746
1723,2059,13750
1724,2059,13750
1725,2059,13750
1726,2061,13764
1727,2057,13750
1728,2070,13926
1729,2070,13927
1730,2070,13927
1731,2077,13941
1732,2075,13937
1733,2077,13941
1734,2074,13927
1735,2074,13927
1736,2074,13927
1737,1919,13008
1738,1919,13008
1739,1919,13008
1740,1919,13008
1741,2075,13933
1742,2075,13933
1743,2075,13931
1744,2079,13939
1745,2084,13955
1746,2084,13955
1747,2073,13847
1748,2073,13847
1749,2073,13847
1750,2072,13842
1751,2072,13842
1752,2078,13885
1753,2089,13963
1754,2089,13966
1755,2089,13972
1756,2089,13972
1757,2089,13972
1758,2089,13972
1759,2089,13982
1760,2091,14006
1761,2091,14006
1762,2091,14006
1763,2091,14006
1764,2090,14000
1765,2090,14000
1766,2095,14024
1767,2097,14034
1768,2091,13984
1769,2087,13952
1770,2087,13952
1771,2087,13952
1772,2087,13952
1773,2087,13952
1774,2087,13952
1775,2088,13954
1776,2088,13954
1777,2088,13954
1778,2088,13954
1779,2088,13954
1780,2078,13851
1781,2079,13863
1782,2079,13863
1783,2077,13853
1784,2082,13891
1785,2076,13848
1786,2078,13870
1787,2078,13870
1788,2078,13870
1789,2075,13864
1790,2075,13864
1791,2075,13864
1792,2077,13875
1793,2077,13871
1794,2089,13857
1795,2089,13857
1796,2089,13859
1797,2087,13829
1798,2091,13843
1799,2095,13865
1800,2097,13895
1801,2097,13895
1802,2097,13895
1803,2097,13895
1804,2100,13920
1805,2088,13854
1806,2086,13824
1807,2087,13832
1808,2087,13832
1809,2088,13842
1810,2076,13623
1811,2075,13621
1812,2082,13694
1813,2082,13694
1814,2082,13694
1815,2080,13690
1816,2080,13690
1817,2080,13690
1818,2078,13607
1819,2078,13607
1820,2079,13615
1821,2080,13620
1822,2080,13620
1823,2083,13630
1824,2083,13630
1825,2080,13621
1826,2080,13621
1827,2079,13625
1828,2079,13625
1829,2084,13679
1830,2084,13677
1831,2084,13677
1832,2084,13677
1833,2083,13668
1834,2083,13668
1835,2084,13695
1836,2084,13695
1837,2084,13695
1838,2084,13695
1839,2084,13695
1840,2084,13700
1841,2084,13700
1842,2085,13708
1843,2085,13708
1844,2086,13716
1845,2086,13716
1846,2086,13720
1847,2086,13720
1848,2086,13720
1849,2086,13720
1850,2086,13720
1851,2085,13718
1852,2085,13718
1853,2086,13720
1854,2085,13718
1855,2085,13718
1856,2085,13718
1857,2088,13740
1858,2092,13799
1859,2092,13799
1860,2092,13800
1861,2105,13844
1862,2111,13861
1863,2111,13861
1864,2112,13863
1865,2113,13865
1866,2113,13865
1867,2115,13875
1868,2113,13837
1869,2113,13837
1870,2112,13835
1871,2112,13836
1872,2112,13838
1873,2112,13838
1874,2112,13838
1875,2108,13818
1876,2108,13818
1877,2108,13818
1878,2109,13823
1879,2109,13823
1880,2109,13823
1881,2109,13823
1882,2109,13803
1883,2111,13825
1884,2111,13825
1885,2111,13825
1886,2112,13831
1887,2112,13831
1888,2112,13831
1889,2112,13831
1890,2112,13831
1891,2113,13829
1892,2113,13829
1893,2114,13829
1894,2117,13864
1895,2117,13864
1896,2117,13864
1897,2117,13874
1898,2117,13874
1899,2117,13874
1900,2115,13867
1901,2115,13867
1902,2115,13867
1903,2115,13867
1904,2115,13867
1905,2115,13867
1906,2115,13867
1907,2115,13867
1908,2108,13786
1909,2108,13788
1910,2111,13801
1911,2111,13801
1912,2111,13801
1913,2111,13801
1914,2111,13801
1915,2112,13793
1916,2112,13793
1917,2112,13793
1918,2112,13793
1919,2111,13743
1920,2113,13753
1921,2112,13745
1922,2112,13745
1923,2112,13745
1924,2112,13741
1925,2113,13741
1926,2113,13741
1927,2113,13741
1928,2114,13742
1929,2114,13742
1930,2119,13767
1931,2120,13773
1932,2124,13787
1933,2124,13787
1934,2124,13787
1935,2128,13801
1936,2128,13801
1937,2128,13801
1938,2128,13801
1939,2127,13796
1940,2092,13475
1941,2092,13475
1942,2092,13477
1943,2126,13749
1944,2126,13749
1945,2126,13749
1946,2126,13749
1947,2128,13777
1948,2128,13777
1949,2128,13777
1950,2128,13777
1951,2128,13777
1952,2128,13779
1953,2129,13779
1954,2129,13779
1955,2130,13781
1956,2131,13735
1957,2132,13736
1958,2132,13733
1959,2132,13733
1960,2132,13733
1961,2135,13753
1962,2136,13755
1963,2136,13755
1964,2064,13316
1965,2065,13326
1966,2077,13397
1967,2156,13832
1968,2156,13832
1969,2157,13834
1970,2157,13834
1971,2157,13834
1972,2159,13928
1973,2158,13925
1974,2152,13881
1975,2153,13889
1976,2174,13975
1977,2174,13975
1978,2175,13980
1979,2342,14979
1980,2342,14979
1981,2344,14983
1982,2344,14983
1983,2344,14983
1984,2344,14983
1985,2344,14983
1986,2344,14983
1987,2344,14983
1988,2344,14983
1989,2344,14983
1990,2344,14983
1991,2344,14983
1992,2344,14983
1993,2344,14983
1994,2347,14989
1995,2346,14981
1996,2346,14981
1997,2342,14945
1998,2344,14957
1999,2344,14957
2000,2344,14957
2001,2344,14957
2002,2344,14957
2003,2344,14958
2004,2344,14958
2005,2344,14958
2006,2350,15028
2007,2350,15028
2008,2350,15028
2009,2363,14961
2010,2363,14961
2011,2363,14961
2012,2404,15079
2013,2404,15079
2014,2404,15079
2015,2404,15079
2016,2404,15109
2017,2403,15104
2018,2400,15098
2019,2405,15129
2020,2405,15129
2021,2404,15124
2022,2406,15127
2023,2406,15127
2024,2406,15127
2025,2406,15127
2026,2406,15127
2027,2407,15137
2028,2407,15137
2029,2416,15198
2030,2417,15200
2031,2418,15205
2032,2412,15109
2033,2412,15109
2034,2412,15109
2035,2412,15109
2036,2412,15109
2037,2421,15166
2038,2423,15170
2039,2421,15169
2040,2426,15224
2041,2426,15224
2042,2426,15224
2043,2426,15224
2044,2438,15252
2045,2438,15252
2046,2439,15262
2047,2441,15274
2048,2441,15274
2049,2441,15274
2050,2441,15274
2051,2463,15509
2052,2463,15509
2053,2463,15509
2054,2463,15509
2055,2463,15509
2056,2463,15509
2057,2463,15520
2058,2463,15520
2059,2463,15522
2060,2455,15468
2061,2455,15468
2062,2454,15453
2063,2454,15453
2064,2455,15455
2065,2455,15455
2066,2455,15455
2067,2455,15455
2068,2463,15461
2069,2463,15461
2070,2463,15461
2071,2463,15461
2072,2463,15461
2073,2463,15461
2074,2463,15461
2075,2474,15508
2076,2475,15513
2077,2478,15536
2078,2478,15536
2079,2478,15536
2080,2479,15538
2081,2479,15538
2082,2477,15531
2083,2477,15531
2084,2465,15425
2085,2465,15425
2086,2466,15427
2087,2466,15427
2088,2466,15427
2089,2466,15427
2090,2467,15435
2091,2467,15435
2092,2467,15435
2093,2467,15435
2094,2467,15435
2095,2468,15452
2096,2468,15452
2097,2469,15456
2098,2470,15461
2099,2470,15458
2100,2470,15458
2101,2470,15458
2102,2470,15458
2103,2471,15466
2104,2471,15456
2105,2472,15458
2106,2472,15458
2107,2475,15480
2108,2475,15480
2109,2474,15478
2110,2475,15488
2111,2474,15483
2112,2474,15483
2113,2474,15483
2114,2476,15488
2115,2476,15488
2116,2476,15488
2117,2478,15498
2118,2478,15498
2119,2478,15498
2120,2478,15498
2121,2478,15498
2122,2480,15508
2123,2480,15508
2124,2483,15518
2125,2483,15518
2126,2483,15518
2127,2483,15518
2128,2488,15559
2129,2487,15549
2130,2487,15549
2131,2487,15549
2132,2487,15549
2133,2487,15549
2134,2487,15549
2135,2490,15549
2136,2492,15589
2137,2492,15589
2138,2492,15589
2139,2492,15589
2140,2492,15589
2141,2492,15589
2142,2492,15589
2143,2492,15589
2144,2494,15599
2145,2494,15599
2146,2495,15607
2147,2495,15607
2148,2496,15609
2149,2496,15609
2150,2496,15609
2151,2498,15635
2152,2502,15658
2153,2502,15658
2154,2502,15658
2155,2502,15658
2156,2502,15658
2157,2502,15658
2158,2503,15668
2159,2504,15652
2160,2504,15650
2161,2506,15654
2162,2507,15668
2163,2507,15668
2164,2508,15680
2165,2509,15688
2166,2518,15714
2167,2518,15714
2168,2518,15714
2169,2518,15714
2170,2518,15714
2171,2520,15726
2172,2523,15748
2173,2523,15748
2174,2523,15748
2175,2523,15748
2176,2522,15738
2177,2522,15738
2178,2522,15738
2179,2519,15654
2180,2518,15652
2181,2518,15652
2182,2517,15647
2183,2524,15653
2184,2527,15657
2185,2527,15657
2186,2526,15642
2187,2524,15638
2188,2523,15623
2189,2523,15623
2190,2523,15626
2191,2523,15626
2192,2525,15639
2193,2527,15643
2194,2527,15645
2195,2527,15645
2196,2527,15645
2197,2527,15645
2198,2527,15645
2199,2529,15659
2200,2529,15659
2201,2529,15659
2202,2529,15659
2203,2530,15664
2204,2530,15664
2205,2531,15666
2206,2531,15666
2207,2531,15666
2208,2533,15670
2209,2533,15670
2210,2533,15670
2211,2533,15670
2212,2514,15552
2213,2514,15552
2214,2514,15552
2215,2519,15597
2216,2519,15597
2217,2519,15597
2218,2519,15597
2219,2519,15597
2220,2519,15597
2221,2519,15597
2222,2519,15597
2223,2520,15599
2224,2520,15599
2225,2520,15599
2226,2520,15599
2227,2520,15599
2228,2520,15599
2229,2520,15599
2230,2523,15613
2231,2523,15613
2232,2523,15613
2233,2520,15589
2234,2525,15595
2235,2525,15595
2236,2525,15593
2237,2525,15593
2238,2526,15601
2239,2422,15035
2240,2428,15093
2241,2528,15616
2242,2528,15616
2243,2528,15616
2244,2528,15616
2245,2528,15616
2246,2528,15616
2247,2528,15616
2248,2527,15611
2249,2527,15611
2250,2527,15611
2251,2526,15610
2252,2526,15610
2253,2526,15610
2254,2531,15670
2255,2531,15670
2256,2531,15670
2257,2531,15670
2258,2531,15670
2259,2530,15662
2260,2530,15662
2261,2531,15664
2262,2531,15664
2263,2531,15664
2264,2531,15664
2265,2532,15666
2266,2532,15666
2267,2530,15656
2268,2530,15656
2269,2531,15658
2270,2531,15658
2271,2531,15658
2272,2529,15656
2273,2529,15656
2274,2529,15656
2275,2528,15651
2276,2528,15651
2277,2526,15647
2278,2527,15649
2279,2527,15649
2280,2526,15641
2281,2526,15641
2282,2526,15641
2283,2526,15641
2284,2526,15641
2285,2526,15641
2286,2526,15641
2287,2527,15649
2288,2537,15725
2289,2537,15725
2290,2537,15725
2291,2537,15725
2292,2537,15727
2293,2542,15767
2294,2542,15767
2295,2542,15765
2296,2545,15780
2297,2545,15781
2298,2545,15781
2299,2545,15784
2300,2545,15784
2301,2545,15784
2302,2545,15784
2303,2544,15779
2304,2544,15779
2305,2543,15777
2306,2543,15777
2307,2542,15775
2308,2542,15775
2309,2544,15782
2310,2544,15782
2311,2545,15794
2312,2545,15794
2313,2529,15702
2314,2529,15702
2315,2531,15706
2316,2444,14859
2317,2444,14859
2318,2444,14859
2319,2445,14861
2320,2445,14861
2321,2447,14879
2322,2447,14879
2323,2447,14903
2324,2447,14903
2325,2449,14907
2326,2449,14907
2327,2449,14907
2328,2449,14907
2329,2449,14907
2330,2449,14907
2331,2450,14909
2332,2452,14917
2333,2453,14921
2334,2453,14921
2335,2454,14926
2336,2459,14942
2337,2459,14942
2338,2459,14942
2339,2459,14942
2340,2461,14962
2341,2462,14967
2342,2464,14971
2343,2464,14971
2344,2464,14971
2345,2464,14971
2346,2466,15004
2347,2466,15004
2348,2466,15002
2349,2554,15834
2350,2554,15834
2351,2554,15834
2352,2554,15834
2353,2555,15834
2354,2555,15843
2355,2555,15843
2356,2555,15852
2357,2557,15858
2358,2557,15858
2359,2557,15858
2360,2557,15861
2361,2557,15861
2362,2557,15861
2363,2557,15861
2364,2557,15852
2365,2557,15852
2366,2557,15852
2367,2557,15852
2368,2557,15852
2369,2557,15852
2370,2557,15852
2371,2557,15852
2372,2557,15852
2373,2557,15852
2374,2557,15852
2375,2557,15852
2376,2558,15854
2377,2562,15905
2378,2562,15905
2379,2562,15905
2380,2563,15910
2381,2566,15929
2382,2567,15930
2383,2568,15938
2384,2567,15928
2385,2567,15928
2386,2567,15928
2387,2568,15930
2388,2568,15930
2389,2567,15925
2390,2565,15885
2391,2565,15885
2392,2564,15855
2393,2564,15855
2394,2567,15883
2395,2567,15883
2396,2571,15891
2397,2573,15896
2398,2576,15942
2399,2576,15942
2400,2576,15942
2401,2578,15948
2402,2578,15948
2403,2578,15948
2404,2578,15948
2405,2578,15948
2406,2578,15948
2407,2522,15721
2408,2578,15948
2409,2578,15948
2410,2579,15956
2411,2579,15956
2412,2579,15956
2413,2579,15956
2414,2578,15962
2415,2578,15962
2416,2400,14894
2417,2398,14854
2418,2579,15924
2419,2579,15924
2420,2579,15924
2421,2579,15912
2422,2579,15912
2423,2579,15912
2424,2579,15912
2425,2584,15922
2426,2584,15926
2427,2584,15926
2428,2584,15926
2429,2585,15944
2430,2588,15939
2431,2588,15939
2432,2588,15939
2433,2591,15943
2434,2591,15943
2435,2592,15948
2436,2595,15958
2437,2594,15942
2438,2595,15944
2439,2595,15944
2440,2595,15944
2441,2594,15944
2442,2594,15944
2443,2594,15946
2444,2594,15946
2445,2594,15948
2446,2594,15948
2447,2594,15948
2448,2594,15948
2449,2594,15948
2450,2594,15948
2451,2594,15948
2452,2594,15946
2453,2595,15954
2454,2597,15958
2455,2597,15958
2456,2597,15958
2457,2597,15958
2458,2597,15958
2459,2597,15958
2460,2597,15958
2461,2589,15959
2462,2589,15959
2463,2589,15959
2464,2590,15961
2465,2590,15961
2466,2590,15961
2467,2590,15961
2468,2590,15961
2469,2590,15961
2470,2590,15961
2471,2590,15961
2472,2592,15970
2473,2592,15970
2474,2592,15970
2475,2591,15970
2476,2591,15970
2477,2594,16004
2478,2598,16047
2479,2606,16086
2480,2608,16090
2481,2611,16100
2482,2611,16100
2483,2611,16100
2484,2610,16100
2485,2608,16091
2486,2608,16091
2487,2609,16087
2488,2609,16087
2489,2609,16087
2490,2609,16087
2491,2609,16087
2492,2609,16087
2493,2609,16087
2494,2609,16087
2495,2609,16087
2496,2611,16091
2497,2605,16055
2498,2605,16055
2499,2605,16058
2500,2604,16056
2501,2604,16056
2502,2607,16068
2503,2607,16068
2504,2609,16072
2505,2621,16116
2506,2621,16117
2507,2621,16117
2508,2621,16137
2509,2622,16139
2510,2622,16139
2511,2622,16139
2512,2622,16139
2513,2622,16139
2514,2622,16141
2515,2623,16151
2516,2624,16161
2517,2633,16275
2518,2633,16275
2519,2633,16275
2520,2633,16275
2521,2634,16280
2522,2634,16279
2523,2637,16306
2524,2634,16292
2525,2636,16308
2526,2639,16327
2527,2639,16327
2528,2639,16327
2529,2639,16327
2530,2639,16327
2531,2639,16327
2532,2639,16327
2533,2639,16327
2534,2640,16332
2535,2640,16333
2536,2640,16333
2537,2640,16333
2538,2641,16343
2539,2641,16343
2540,2650,16401
2541,2650,16401
2542,2651,16403
2543,2651,16403
2544,2651,16403
2545,2651,16403
2546,2654,16413
2547,2654,16413
2548,2655,16415
2549,2655,16415
2550,2655,16415
2551,2656,16417
2552,2656,16417
2553,2656,16417
2554,2658,16425
2555,2658,16425
2556,2658,16425
2557,2658,16425
2558,2657,16420
2559,2659,16426
2560,2659,16427
2561,2659,16427
2562,2659,16427
2563,2658,16419
2564,2663,16434
2565,2663,16434
2566,2663,16445
2567,2663,16445
2568,2663,16445
2569,2663,16445
2570,2665,16455
2571,2665,16455
2572,2668,16469
2573,2668,16469
2574,2667,16470
2575,2667,16470
2576,2667,16470
2577,2667,16470
2578,2667,16470
2579,2670,16475
2580,2670,16475
2581,2670,16475
2582,2671,16474
2583,2671,16474
2584,2670,16464
2585,2670,16464
2586,2670,16464
2587,2669,16459
2588,2669,16459
2589,2669,16459
2590,2671,16463
2591,2671,16463
2592,2671,16463
2593,2672,16465
2594,2672,16465
2595,2672,16465
2596,2672,16465
2597,2670,16461
2598,2670,16461
2599,2670,16461
2600,2670,16461
2601,2670,16461
2602,2670,16461
2603,2671,16481
2604,2671,16481
2605,2672,16483
2606,2663,16447
2607,2663,16447
2608,2663,16447
2609,2666,16473
2610,2666,16473
2611,2664,16471
2612,2664,16471
2613,2664,16471
2614,2664,16471
2615,2668,16474
2616,2603,16143
2617,2601,16135
2618,2597,16127
2619,2597,16127
2620,2597,16127
2621,2597,16127
2622,2600,16167
2623,2600,16167
2624,2600,16167
2625,2600,16167
2626,2625,16259
2627,2615,16160
2628,2607,16135
2629,2600,16121
2630,2601,16133
2631,2564,15923
2632,2564,15923
2633,2564,15923
2634,2567,15950
2635,2568,15952
2636,2570,15957
2637,2570,15957
2638,2570,15966
2639,2570,15966
2640,2570,15966
2641,2570,15966
2642,2566,15897
2643,2566,15897
2644,2566,15897
2645,2558,15903
2646,2563,15921
2647,2563,15923
2648,2559,15913
2649,2559,15913
2650,2559,15913
2651,2559,15913
2652,2559,15913
2653,2559,15913
2654,2580,16012
2655,2580,16012
2656,2580,16012
2657,2585,16039
2658,2586,16099
2659,2585,16091
2660,2585,16091
2661,2585,16091
2662,2585,16091
2663,2586,16093
2664,2589,16102
2665,2591,16111
2666,2591,16111
2667,2591,16111
2668,2590,16106
2669,2589,16098
2670,2589,16098
2671,2587,16078
2672,2587,16082
2673,2587,16082
2674,2595,16097
2675,2594,16092
2676,2594,16098
2677,2594,16098
2678,2594,16098
2679,2595,16100
2680,2594,16094
2681,2607,16047
2682,2650,16265
2683,2652,16273
2684,2655,16309
2685,2655,16309
2686,2655,16309
2687,2658,16339
2688,2657,16347
2689,2657,16347
2690,2656,16342
2691,2656,16334
2692,2657,16340
2693,2666,16396
2694,2667,16398
2695,2667,16398
2696,2668,16400
2697,2669,16410
2698,2669,16410
2699,2669,16435
2700,2670,16440
2701,2675,16454
2702,2682,16486
2703,2683,16502
2704,2688,16497
2705,2687,16485
2706,2691,16512
2707,2691,16512
2708,2691,16512
2709,2680,16466
2710,2680,16466
2711,2680,16466
2712,2682,16470
2713,2682,16470
2714,2682,16470
2715,2682,16470
2716,2682,16470
2717,2682,16470
2718,2682,16470
2719,2682,16471
2720,2683,16473
2721,2684,16476
2722,2688,16507
2723,2688,16507
2724,2688,16507
2725,2688,16492
2726,2688,16492
2727,2904,19562
2728,2904,19562
2729,2904,19562
2730,2904,19562
2731,2904,19562
2732,2908,19601
2733,2908,19601
2734,2909,19601
2735,2909,19601
2736,2904,19574
2737,2904,19574
2738,2904,19574
2739,2916,19629
2740,2916,19629
2741,2916,19629
2742,2916,19629
2743,2905,19495
2744,2918,19635
2745,2919,19645
2746,2925,19657
2747,2927,19669
2748,2927,19661
2749,2928,19663
2750,2929,19665
2751,2929,19665
2752,2928,19655
2753,2928,19655
2754,2928,19655
2755,2928,19655
2756,2928,19655
2757,2928,19655
2758,2933,19735
2759,2933,19735
2760,2933,19735
2761,2933,19735
2762,2933,19735
2763,2933,19735
2764,2933,19735
2765,2933,19735
2766,2932,19730
2767,2932,19730
2768,2932,19730
2769,2930,19700
2770,2963,19829
2771,2963,19829
2772,2966,19807
2773,2966,19808
2774,2966,19808
2775,2966,19808
2776,2966,19808
2777,2966,19808
2778,2966,19808
2779,2966,19808
2780,2901,19419
2781,2901,19419
2782,2901,19419
2783,2901,19419
2784,2901,19419
2785,2901,19419
2786,2975,19857
2787,2976,19859
2788,2978,19869
2789,2978,19869
2790,3016,20319
2791,3016,20319
2792,3016,20319
2793,3016,20319
2794,3017,20322
2795,3017,20322
2796,3017,20322
2797,3017,20322
2798,3018,20327
2799,3018,20327
2800,3018,20327
2801,3018,20327
2802,3039,20393
2803,3046,20424
2804,3046,20424
2805,3046,20424
2806,3046,20424
2807,3046,20424
2808,3046,20424
2809,3047,20421
2810,3043,20326
2811,3045,20330
2812,3044,20322
2813,3044,20322
2814,3044,20316
2815,3044,20316
2816,3052,20340
2817,3052,20340
2818,3052,20340
2819,3052,20340
2820,3052,20340
2821,3052,20340
2822,3052,20341
2823,3052,20341
2824,3052,20341
2825,3052,20341
2826,3053,20343
2827,3053,20343
2828,3053,20343
2829,3053,20343
2830,3049,20330
2831,3049,20330
2832,3049,20330
2833,3049,20330
2834,3051,20340
2835,3051,20341
2836,3058,20363
2837,3059,20343
2838,3060,20345
2839,3060,20345
2840,3060,20345
2841,3060,20345
2842,3084,20479
2843,3085,20483
2844,3085,20481
2845,3100,20714
2846,3100,20708
2847,3100,20708
2848,3100,20708
2849,3100,20708
2850,3171,21332
2851,3172,21334
2852,3172,21334
2853,3172,21334
2854,3172,21334
2855,3172,21336
2856,3172,21336
2857,3173,21338
2858,3173,21338
2859,3171,21274
2860,3130,20908
2861,3130,20908
2862,3130,20908
2863,3130,20908
2864,3145,20997
2865,3146,21002
2866,3158,21177
2867,3158,21177
2868,3156,21173
2869,3156,21173
2870,3152,21168
2871,3153,21170
2872,3153,21170
2873,3153,21170
2874,3153,21170
2875,3153,21172
2876,3153,21172
2877,3163,21210
2878,3164,21213
2879,3164,21213
2880,3171,21254
2881,3171,21254
2882,3170,21244
2883,3207,21562
2884,3207,21562
2885,3207,21562
2886,3260,21965
2887,3260,21965
2888,3260,21965
2889,3260,21965
2890,3260,21965
2891,3327,22356
2892,3327,22356
2893,3314,22291
2894,3311,22241
2895,3311,22241
2896,3308,22227
2897,3308,22229
2898,3303,22201
2899,3305,22172
2900,3305,22172
2901,3305,22172
2902,3305,22170
2903,3305,22170
2904,3306,22172
2905,3306,22172
2906,3306,22172
2907,3305,22162
2908,3305,22162
2909,3304,22222
2910,3304,22222
2911,3336,22278
2912,3337,22286
2913,3360,22351
2914,3360,22351
2915,3360,22351
2916,3360,22351
2917,3359,22346
2918,3361,22357
2919,3363,22358
2920,3363,22358
2921,3363,22358
2922,3413,22434
2923,3419,22454
2924,3427,22566
2925,3438,22590
2926,3441,22614
2927,3439,22599
2928,3457,22746
2929,3457,22746
2930,3456,22744
2931,3456,22744
2932,3456,22744
2933,3457,22752
2934,3457,22752
2935,3458,22760
2936,3460,22769
2937,3461,22769
2938,3460,22713
2939,3459,22681
2940,3458,22681
2941,3458,22681
2942,3461,22695
2943,3461,22695
2944,3461,22695
2945,3461,22695
2946,3466,22730
2947,3465,22725
2948,3465,22725
2949,3475,22825
2950,3475,22825
2951,3475,22825
2952,3474,22813
2953,3475,22792
2954,3475,22792
2955,3476,22794
2956,3476,22794
2957,3476,22794
2958,3479,22803
2959,3479,22803
2960,3476,22800
2961,3476,22800
2962,3476,22800
2963,3508,23075
2964,3477,22855
2965,3480,22872
2966,3479,22870
2967,3502,23008
2968,3502,23008
2969,3502,23008
2970,3503,23018
2971,3502,23026
2972,3502,23026
2973,3502,23026
2974,3502,23026
2975,3500,23022
2976,3500,23022
2977,3501,23024
2978,3501,23024
2979,3501,23024
2980,3487,22889
2981,3517,23071
2982,3517,23071
2983,3517,23071
2984,3517,23071
2985,3516,23069
2986,3518,23073
2987,3518,23078
2988,3519,23083
2989,3521,23098
2990,3521,23098
2991,3525,23115
2992,3525,23115
2993,3525,23113
2994,3268,21751
2995,3534,23103
2996,3526,23115
2997,3526,23115
2998,3526,23115
2999,3530,23141
3000,3534,23149
3001,3535,23161
3002,3535,23161
3003,3534,23164
3004,3537,23178
3005,3540,23189
3006,3540,23187
3007,3540,23189
3008,3540,23189
3009,3538,23174
3010,3539,23191
3011,3539,23191
3012,3542,23197
3013,3542,23197
3014,3544,23209
3015,3544,23209
3016,3543,23204
3017,3544,23207
3018,3544,23204
3019,3544,23204
3020,3544,23204
3021,3545,23212
3022,3544,23210
3023,3545,23215
3024,3546,23215
3025,3546,23215
3026,3546,23215
3027,3548,23219
3028,3548,23219
3029,3548,23219
3030,3548,23219
3031,3550,23234
3032,3550,23234
3033,3550,23234
3034,3550,23233
3035,3550,23233
3036,3550,23233
3037,3551,23235
3038,3553,23239
3039,3552,23229
3040,3552,23229
3041,3550,23225
3042,3549,23220
3043,3549,23220
3044,3557,23255
3045,3558,23258
3046,3558,23258
3047,3558,23258
3048,3558,23258
3049,3560,23274
3050,3560,23274
3051,3562,23280
3052,3562,23280
3053,3562,23280
3054,3562,23280
3055,3562,23280
3056,3562,23280
3057,3564,23302
3058,3565,23304
3059,3565,23304
3060,3565,23302
3061,3566,23326
3062,3575,23383
3063,3574,23394
3064,3573,23372
3065,3573,23372
3066,3573,23372
3067,3573,23369
3068,3571,23365
3069,3571,23367
3070,3571,23367
3071,3571,23367
3072,3571,23367
3073,3572,23377
3074,3578,23410
3075,3579,23418
3076,3579,23418
3077,3577,23416
3078,3579,23441
3079,3579,23441
3080,3581,23463
3081,3579,23427
3082,3574,23397
3083,3574,23397
3084,3574,23397
3085,3572,23357
3086,3572,23357
3087,3572,23357
3088,3572,23357
3089,3572,23357
3090,3572,23357
3091,3573,23359
3092,3575,23363
3093,3575,23371
3094,3573,23349
3095,3573,23349
3096,3576,23361
3097,3585,23411
3098,3585,23411
3099,3587,23421
3100,3587,23421
3101,3584,23408
3102,3584,23408
3103,3584,23408
3104,3584,23408
3105,3582,23404
3106,3350,20260
3107,3347,20250
3108,3348,20255
3109,3348,20255
3110,3348,20255
3111,3349,20260
3112,3349,20260
3113,3347,20253
3114,3347,20253
3115,3350,20280
3116,3351,20288
3117,3351,20288
3118,3351,20288
3119,3351,20288
3120,3353,20298
3121,3353,20298
3122,3353,20298
3123,3353,20298
3124,3409,20874
3125,3409,20874
3126,3409,20874
3127,3410,20898
3128,3410,20898
3129,3410,20898
3130,3410,20898
3131,3410,20898
3132,3410,20898
3133,3368,20309
3134,3369,20315
3135,3369,20315
3136,3369,20315
3137,3370,20320
3138,3370,20320
3139,3369,20318
3140,3370,20323
3141,3373,20351
3142,3373,20351
3143,3373,20351
3144,3376,20369
3145,3376,20369
3146,3374,20363
3147,3374,20363
3148,3374,20363
3149,3374,20363
3150,3374,20363
3151,3374,20363
3152,3375,20365
3153,3375,20365
3154,3375,20365
3155,3375,20367
3156,3375,20367
3157,3379,20381
3158,3379,20381
3159,3379,20381
3160,3385,20406
3161,3446,20810
3162,3446,20810
3163,3445,20808
3164,3445,20808
3165,3445,20808
3166,3445,20808
3167,3446,20813
3168,3459,20853
3169,3459,20853
3170,3461,20859
3171,3461,20859
3172,3461,20859
3173,3462,20867
3174,3461,20862
3175,3461,20862
3176,3461,20862
3177,3461,20862
3178,3461,20862
3179,3452,20823
3180,3452,20823
3181,3359,20292
3182,3359,20292
3183,3361,20299
3184,3360,20289
3185,3360,20289
3186,3359,20279
3187,3360,20284
3188,3361,20286
3189,3359,20276
3190,3359,20276
3191,3359,20276
3192,3359,20276
3193,3360,20278
3194,3358,20271
3195,3362,20303
3196,3368,20324
3197,3368,20324
3198,3383,20483
3199,3385,20509
3200,3385,20509
3201,3386,20511
3202,3386,20511
3203,3387,20522
3204,3383,20496
3205,3383,20496
3206,3383,20496
3207,3383,20496
3208,3383,20496
3209,3383,20496
3210,3384,20551
3211,3384,20551
3212,3385,20571
3213,3386,20579
3214,3391,20651
3215,3391,20651
3216,3391,20651
3217,3396,20659
3218,3395,20539
3219,3395,20539
3220,3395,20539
3221,3399,20597
3222,3400,20602
3223,3407,20669
3224,3405,20697
3225,3411,20733
3226,3411,20733
3227,3411,20733
3228,3355,20253
3229,3356,20265
3230,3359,20293
3231,3415,20777
3232,3415,20797
3233,3415,20797
3234,3415,20797
3235,3604,23666
3236,3604,23666
3237,3603,23660
3238,3603,23660
3239,3607,23688
3240,3607,23688
3241,3607,23688
3242,3607,23689
3243,3607,23689
3244,3608,23690
3245,3610,23697
3246,3614,23717
3247,3615,23750
3248,3615,23747
3249,3615,23747
3250,3615,23747
3251,3615,23747
3252,3615,23747
3253,3605,23657
3254,3604,23655
3255,3606,23660
3256,3606,23660
3257,3606,23660
3258,3606,23660
3259,3614,23714
3260,3614,23710
3261,3614,23710
3262,3611,23692
3263,3612,23701
3264,3612,23701
3265,3621,23797
3266,3622,23802
3267,3624,23811
3268,3626,23815
3269,3626,23815
3270,3626,23815
3271,3626,23815
3272,3626,23815
3273,3654,23940
3274,3652,23928
3275,3652,23928
3276,3652,23928
3277,3652,23928
3278,3654,23940
3279,3656,23944
3280,3656,23944
3281,3656,23944
3282,3656,23934
3283,3657,23936
3284,3658,23938
3285,3658,23938
3286,3652,23914
3287,3652,23914
3288,3652,23914
3289,3650,23910
3290,3656,23946
3291,3656,23946
3292,3656,23946
3293,3656,23946
3294,3656,23946
3295,3656,23946
3296,3656,23946
3297,3656,23946
3298,3656,23946
3299,3656,23938
3300,3657,23940
3301,3657,23940
3302,3657,23940
3303,3659,23947
3304,3659,23927
3305,3659,23927
3306,3659,23927
3307,3660,23929
3308,3660,23929
3309,3660,23929
3310,3660,23929
3311,3660,23929
3312,3660,23929
3313,3660,23929
3314,3660,23929
3315,3660,23929
3316,3660,23929
3317,3660,23929
3318,3660,23929
3319,3661,23931
3320,3661,23931
3321,3665,23960
3322,3669,23977
3323,3671,23983
3324,3671,23983
3325,3672,23984
3326,3672,23992
3327,3672,23992
3328,3674,23999
3329,3676,23998
3330,3675,23990
3331,3675,23990
3332,3675,23990
3333,3675,23990
3334,3675,23990
3335,3676,24000
3336,3678,24004
3337,3678,24004
3338,3678,24004
3339,3681,24026
3340,3681,24026
3341,3683,24038
3342,3693,24119
3343,3697,24126
3344,3697,24126
3345,3700,24132
3346,3700,24134
3347,3698,24130
3348,3698,24130
3349,3698,24130
3350,3698,24136
3351,3698,24136
3352,3697,24134
3353,3697,24140
3354,3697,24140
3355,3695,24110
3356,3695,24114
3357,3695,24110
3358,3695,24112
3359,3695,24112
3360,3695,24112
3361,3695,24112
3362,3695,24112
3363,3695,24112
3364,3695,24112
3365,3695,24112
3366,3695,24096
3367,3694,24094
3368,3683,24043
3369,3683,24043
3370,3685,24052
3371,3683,24042
3372,3684,24045
3373,3683,24043
3374,3683,24043
3375,3683,24043
3376,3683,24045
3377,3693,24145
3378,3693,24145
3379,3693,24145
3380,3693,24145
3381,3698,24184
3382,3698,24184
3383,3698,24184
3384,3698,24184
3385,3699,24186
3386,3699,24186
3387,3750,24669
3388,3753,24678
3389,3753,24678
3390,3743,24622
3391,3743,24622
3392,3743,24622
3393,3752,24640
3394,3753,24645
3395,3753,24645
3396,3751,24635
3397,3752,24637
3398,3755,24657
3399,3755,24657
3400,3756,24662
3401,3756,24662
3402,3756,24662
3403,3758,24647
3404,3758,24639
3405,3757,24631
3406,3757,24631
3407,3757,24631
3408,3757,24631
3409,3757,24631
3410,3757,24631
3411,3757,24631
3412,3757,24631
3413,3757,24631
3414,3757,24631
3415,3757,24631
3416,3759,24635
3417,3759,24635
3418,3759,24635
3419,3759,24635
3420,3765,24647
3421,3765,24647
3422,3765,24647
3423,3765,24647
3424,3765,24647
3425,3765,24647
3426,3765,24647
3427,3766,24663
3428,3765,24662
3429,3765,24662
3430,3765,24662
3431,3764,24657
3432,3764,24657
3433,3764,24658
3434,3764,24658
3435,3765,24664
3436,3763,24662
3437,3763,24662
3438,3763,24662
3439,3764,24667
3440,3764,24667
3441,3764,24668
3442,3767,24683
3443,3767,24683
3444,3767,24683
3445,3767,24683
3446,3767,24683
3447,3767,24683
3448,3767,24683
3449,3770,24686
3450,3770,24686
3451,3770,24686
3452,3770,24686
3453,3771,24706
3454,3769,24696
3455,3769,24696
3456,3776,24738
3457,3777,24740
3458,3777,24742
3459,3778,24744
3460,3778,24744
3461,3778,24744
3462,3776,24722
3463,3776,24722
3464,3776,24728
3465,3777,24740
3466,3778,24742
3467,3778,24742
3468,3778,24742
3469,3778,24742
3470,3778,24742
3471,3779,24744
3472,3780,24746
3473,3781,24751
3474,3782,24755
3475,3784,24765
3476,3784,24765
3477,3785,24713
3478,3786,24699
3479,3797,24732
3480,3820,24940
3481,3828,24978
3482,3828,24978
3483,3829,24980
3484,3829,24980
3485,3829,24980
3486,3829,24980
3487,3829,24980
3488,3829,24980
3489,3828,24975
3490,3828,24975
3491,3828,24975
3492,3828,24976
3493,3832,25021
3494,3832,25021
3495,3832,25021
3496,3847,25076
3497,3846,25076
3498,3847,25091
3499,3847,25091
3500,3847,25091
3501,3849,25088
3502,3849,25088
3503,3861,25122
3504,3862,25124
3505,3862,25124
3506,3862,25124
3507,3862,25124
3508,3862,25124
3509,3862,25124
3510,3862,25124
3511,3862,25124
3512,3890,25351
3513,3894,25361
3514,3900,25379
3515,3900,25382
3516,3901,25392
3517,3902,25394
3518,3902,25394
3519,3894,25361
3520,3894,25361
3521,3902,25394
3522,3930,25616
3523,3935,25619
3524,3936,25629
3525,3941,25673
3526,3944,25687
3527,3944,25687
3528,3946,25727
3529,3897,25398
3530,3897,25398
3531,3897,25398
3532,3912,25514
3533,3913,25536
3534,3914,25538
3535,3925,25567
3536,3922,25526
3537,3922,25526
3538,3922,25526
3539,3928,25576
3540,3945,25547
3541,3946,25555
3542,3946,25555
3543,3947,25571
3544,3947,25561
3545,3946,25547
3546,3968,25653
3547,3968,25653
3548,3968,25653
3549,3982,25689
3550,3909,25358
3551,3909,25358
3552,3909,25358
3553,3909,25358
3554,3909,25358
3555,3909,25359
3556,3909,25359
3557,3909,25359
3558,3909,25359
3559,3920,25399
3560,3920,25400
3561,3920,25400
3562,3920,25400
3563,3921,25410
3564,3921,25410
3565,3921,25410
3566,3912,25366
3567,3912,25366
3568,3912,25366
3569,3917,25388
3570,3923,25394
3571,3924,25408
3572,3925,25436
3573,3926,25438
3574,3935,25472
3575,3935,25469
3576,3936,25471
3577,3947,25562
3578,3943,25482
3579,3943,25482
3580,3943,25482
3581,3943,25482
3582,3941,25478
3583,3941,25478
3584,3944,25493
3585,3942,25481
3586,3942,25481
3587,3942,25481
3588,3939,25481
3589,3937,25461
3590,3937,25461
3591,3937,25461
3592,3937,25469
3593,3954,25527
3594,3954,25531
3595,3956,25541
3596,3959,25564
3597,3959,25564
3598,3994,25743
3599,3994,25743
3600,3994,25743
3601,3990,25733
3602,4144,26606
3603,4142,26631
3604,4143,26651
3605,4153,26674
3606,4153,26674
3607,4153,26674
3608,4160,26723
3609,4158,26714
3610,4158,26718
3611,4159,26720
3612,4159,26720
3613,4160,26722
3614,4160,26729
3615,4175,26762
3616,4173,26752
3617,4170,26746
3618,4173,26752
3619,4173,26752
3620,4173,26752
3621,4173,26752
3622,4173,26752
3623,4174,26772
3624,4174,26772
3625,4174,26772
3626,4175,26780
3627,4175,26780
3628,4175,26780
3629,4175,26780
3630,4175,26780
3631,4175,26780
3632,4175,26780
3633,4181,26792
3634,4180,26787
3635,4181,26786
3636,4181,26786
3637,4181,26786
3638,4181,26786
3639,4181,26791
3640,4181,26791
3641,4186,26807
3642,4183,26728
3643,4183,26728
3644,4183,26728
3645,4183,26728
3646,4183,26728
3647,4183,26728
3648,4183,26728
3649,4183,26724
3650,4183,26724
3651,4183,26726
3652,4185,26719
3653,4185,26719
3654,4183,26704
3655,4183,26704
3656,4184,26706
3657,4184,26706
3658,4183,26702
3659,4185,26698
3660,4183,26727
3661,4184,26729
3662,4185,26731
3663,4185,26731
3664,4185,26731
3665,4185,26731
3666,4191,26761
3667,4199,26801
3668,4199,26801
3669,4199,26801
3670,4200,26803
3671,4200,26803
3672,4201,26809
3673,4201,26809
3674,4201,26809
3675,4201,26809
3676,4201,26809
3677,4202,26817
3678,4202,26818
3679,4201,26816
3680,4202,26818
3681,4202,26818
3682,4206,26845
3683,4212,26905
3684,4212,26905
3685,4212,26905
3686,4212,26905
3687,4212,26907
3688,4216,26925
3689,4216,26925
3690,4221,26941
3691,4219,26934
3692,4240,27105
3693,4222,27015
3694,4229,27063
3695,4229,27063
3696,4228,27058
3697,4228,27058
3698,4228,27058
3699,4228,27058
3700,4228,27054
3701,4228,27054
3702,4232,27073
3703,4242,27200
3704,4242,27200
3705,4243,27207
3706,4273,27321
3707,4273,27321
3708,4273,27325
3709,4273,27326
3710,4273,27326
3711,4273,27326
3712,4273,27326
3713,4273,27314
3714,4287,27480
3715,4264,27355
3716,4287,27480
3717,4290,27494
3718,4292,27506
3719,4292,27506
3720,4299,27548
3721,4299,27548
3722,4298,27542
3723,4298,27542
3724,4298,27542
3725,4298,27542
3726,4298,27542
3727,4298,27542
3728,4298,27503
3729,4297,27489
3730,4297,27489
3731,4297,27489
3732,4297,27489
3733,4291,27441
3734,4291,27441
3735,4290,27433
3736,4292,27429
3737,4292,27423
3738,4285,27385
3739,4285,27385
3740,4286,27387
3741,4287,27405
3742,4288,27407
3743,4289,27409
3744,4294,27445
3745,4293,27419
3746,4323,27537
3747,4326,27545
3748,4327,27547
3749,4328,27549
3750,4328,27549
3751,4328,27549
3752,4332,27561
3753,4332,27562
3754,4332,27562
3755,4332,27568
3756,4336,27589
3757,4336,27589
3758,4336,27589
3759,4336,27589
3760,4336,27589
3761,4337,27588
3762,4337,27588
3763,4337,27588
3764,4327,27510
3765,4327,27510
3766,4339,27569
3767,4339,27569
3768,4339,27569
3769,4339,27569
3770,4339,27569
3771,4339,27569
3772,4340,27582
3773,4341,27584
3774,4341,27582
3775,4341,27582
3776,4341,27582
3777,4342,27581
3778,4342,27583
3779,4342,27584
3780,4342,27584
3781,4344,27583
3782,4344,27583
3783,4351,27633
3784,4351,27633
3785,4351,27633
3786,4355,27649
3787,4355,27649
3788,4355,27649
3789,4355,27649
3790,4355,27649
3791,4352,27611
3792,4352,27611
3793,4352,27611
3794,4352,27598
3795,4352,27598
3796,4349,27558
3797,4331,27507
3798,4331,27507
3799,4350,27560
3800,4350,27560
3801,4358,27649
3802,4358,27698
3803,4358,27698
3804,4358,27698
3805,4358,27712
3806,4358,27712
3807,4358,27712
3808,4293,26932
3809,4300,26966
3810,4300,26966
3811,4295,26916
3812,4295,26916
3813,4295,26916
3814,4295,26916
3815,4295,26916
3816,4295,26916
3817,4291,26876
3818,4292,26886
3819,4292,26886
3820,4292,26886
3821,4292,26888
3822,4291,26886
3823,4291,26886
3824,4294,26900
3825,4294,26900
3826,4294,26900
3827,4294,26900
3828,4294,26900
3829,4294,26900
3830,4295,26902
3831,4295,26902
3832,4295,26902
3833,4295,26902
3834,4296,26907
3835,4296,26907
3836,4296,26907
3837,4295,26905
3838,4295,26905
3839,4295,26905
3840,4295,26905
3841,4297,26921
3842,4297,26921
3843,4297,26921
3844,4297,26921
3845,4297,26921
3846,4297,26923
3847,4297,26923
3848,4297,26920
3849,4297,26920
3850,4297,26920
3851,4299,26930
3852,4302,26944
3853,4302,26944
3854,4299,26922
3855,4299,26922
3856,4299,26922
3857,4299,26922
3858,4295,26915
3859,4297,26923
3860,4298,26931
3861,4300,26953
3862,4302,26951
3863,4302,26951
3864,4302,26951
3865,4302,26955
3866,4302,26955
3867,4302,26955
3868,4303,26960
3869,4302,26955
3870,4301,26938
3871,4300,26936
3872,4300,26936
3873,4301,26948
3874,4301,26948
3875,4306,26979
3876,4307,26981
3877,4307,26981
3878,4307,26981
3879,4308,26983
3880,4308,26983
3881,4308,26983
3882,4308,26983
3883,4308,26983
3884,4308,26983
3885,4310,26993
3886,4310,26994
3887,4310,26994
3888,4310,26994
3889,4310,26994
3890,4310,26994
3891,4310,26994
3892,4310,27019
3893,4311,27021
3894,4311,27021
3895,4299,26942
3896,4299,26942
3897,4324,27102
3898,4324,27102
3899,4324,27102
3900,4325,27104
3901,4329,27130
3902,4329,27130
3903,4332,27148
3904,4332,27148
3905,4332,27148
3906,4332,27148
3907,4332,27148
3908,4335,27164
3909,4335,27164
3910,4340,27238
3911,4340,27238
3912,4340,27241
3913,4340,27241
3914,4340,27243
3915,4346,27280
3916,4346,27280
3917,4346,27280
3918,4346,27280
3919,4349,27302
3920,4350,27304
3921,4351,27307
3922,4351,27307
3923,4368,27328
3924,4368,27328
3925,4368,27328
3926,4368,27328
3927,4387,27465
3928,4391,27473
3929,4391,27473
3930,4391,27473
3931,4392,27481
3932,4393,27485
3933,4393,27485
3934,4394,27487
3935,4398,27495
3936,4398,27495
3937,4403,27505
3938,4405,27511
3939,4405,27511
3940,4405,27511
3941,4406,27515
3942,4406,27515
3943,4408,27522
3944,4409,27531
3945,4409,27531
3946,4410,27537
3947,4410,27537
3948,4410,27537
3949,4412,27543
3950,4412,27543
3951,4412,27543
3952,4412,27543
3953,4412,27554
3954,4414,27566
3955,4413,27561
3956,4414,27564
3957,4402,27499
3958,4402,27499
3959,4402,27499
3960,4402,27499
3961,4405,27514
3962,4406,27518
3963,4406,27518
3964,4406,27518
3965,4406,27518
3966,4406,27518
3967,4406,27518
3968,4407,27520
3969,4409,27524
3970,4409,27524
3971,4406,27512
3972,4404,27508
3973,4404,27508
3974,4404,27508
3975,4404,27508
3976,4404,27508
3977,4405,27516
3978,4404,27508
3979,4402,27498
3980,4399,27453
3981,4399,27453
3982,4399,27453
3983,4399,27453
3984,4399,27453
3985,4399,27453
3986,4399,27453
3987,4405,27483
3988,4406,27485
3989,4406,27485
3990,4405,27475
3991,4401,27457
3992,4407,27474
3993,4407,27474
3994,4406,27472
3995,4411,27512
3996,4411,27512
3997,4411,27512
3998,4411,27512
3999,4410,27514
4000,4410,27514
4001,4416,27558
4002,4430,27593
4003,4430,27593
4004,4431,27586
4005,4431,27586
4006,4431,27586
4007,4431,27586
4008,4431,27586
4009,4441,27619
4010,4441,27619
4011,4433,27583
4012,4433,27583
4013,4433,27576
4014,4433,27577
4015,4433,27577
4016,4436,27582
4017,4438,27580
4018,4438,27580
4019,4442,27594
4020,4445,27636
4021,4450,27654
4022,4450,27654
4023,4452,27676
4024,4452,27676
4025,4449,27666
4026,4450,27668
4027,4450,27668
4028,4451,27678
4029,4451,27678
4030,4381,27066
4031,4378,27054
4032,4380,27058
4033,4380,27058
4034,4380,27058
4035,4379,27050
4036,4379,27050
4037,4379,27050
4038,4379,27050
4039,4383,27067
4040,4383,27067
4041,4383,27067
4042,4383,27049
4043,4384,27039
4044,4384,27039
4045,4383,27039
4046,4383,27039
4047,4385,27023
4048,4385,27023
4049,4385,27023
4050,4385,27023
4051,4385,27023
4052,4383,27019
4053,4412,27204
4054,4411,27210
4055,4413,27236
4056,4413,27236
4057,4413,27236
4058,4413,27236
4059,4413,27236
4060,4413,27236
4061,4413,27236
4062,4413,27236
4063,4413,27236
4064,4414,27240
4065,4413,27235
4066,4413,27235
4067,4413,27235
4068,4413,27235
4069,4411,27213
4070,4411,27213
4071,4412,27215
4072,4411,27213
4073,4412,27218
4074,4412,27218
4075,4425,27289
4076,4431,27312
4077,4431,27312
4078,4431,27312
4079,4432,27320
4080,4432,27320
4081,4432,27320
4082,4432,27320
4083,4434,27324
4084,4434,27324
4085,4434,27324
4086,4433,27319
4087,4435,27323
4088,4437,27327
4089,4437,27327
4090,4437,27327
4091,4437,27327
4092,4438,27337
4093,4446,27406
4094,4449,27421
4095,4449,27421
4096,4449,27421
4097,4449,27421
4098,4449,27421
4099,4451,27425
4100,4456,27444
4101,4456,27440
4102,4456,27440
4103,4454,27436
4104,4454,27434
4105,4454,27457
4106,4421,27346
4107,4421,27346
4108,4454,27457
4109,4456,27461
4110,4456,27461
4111,4456,27461
4112,4456,27461
4113,4456,27461
4114,4456,27461
4115,4456,27461
4116,4456,27461
4117,4456,27461
4118,4456,27461
4119,4455,27441
4120,4455,27441
4121,4455,27441
4122,4665,33326
4123,4590,32879
4124,4591,32881
4125,4591,32881
4126,4591,32881
4127,4592,32888
4128,4591,32886
4129,4591,32886
