ROW_NUM,CS_ADD
2,9
3,795
4,0
5,0
6,0
7,0
8,513
9,0
10,0
11,0
12,15
13,2
14,2
15,0
16,0
17,0
18,0
19,0
20,0
21,268
22,0
23,8
24,9
25,0
26,0
27,0
28,0
29,0
30,0
31,0
32,0
33,0
34,0
35,0
36,1
37,0
38,728
39,0
40,0
41,0
42,0
43,1
44,17
45,30
46,15
47,0
48,0
49,0
50,0
51,0
52,1
53,0
54,0
55,0
56,0
57,0
58,0
59,0
60,0
61,0
62,0
63,20
64,0
65,0
66,0
67,0
68,0
69,0
70,1
71,0
72,0
73,0
74,0
75,0
76,6
77,0
78,0
79,0
80,0
81,0
82,0
83,0
84,0
85,1
86,0
87,0
88,0
89,0
90,0
91,0
92,0
93,0
94,0
95,0
96,0
97,1
98,0
99,0
100,0
101,0
102,0
103,0
104,0
105,0
106,0
107,0
108,0
109,0
110,2
111,1
112,5
113,0
114,0
115,0
116,0
117,0
118,17
119,0
120,0
121,0
122,0
123,0
124,0
125,0
126,0
127,0
128,0
129,0
130,0
131,0
132,0
133,0
134,0
135,0
136,0
137,0
138,0
139,0
140,0
141,1
142,1
143,15
144,0
145,0
146,0
147,0
148,0
149,0
150,0
151,0
152,0
153,0
154,0
155,0
156,0
157,0
158,0
159,1
160,1
161,0
162,1
163,0
164,0
165,0
166,0
167,5
168,0
169,0
170,1
171,0
172,0
173,0
174,0
175,2
176,0
177,0
178,2
179,0
180,0
181,0
182,0
183,0
184,11
185,1
186,0
187,0
188,0
189,0
190,0
191,0
192,0
193,0
194,98
195,0
196,0
197,0
198,0
199,28
200,4
201,0
202,0
203,0
204,0
205,1
206,0
207,0
208,42
209,0
210,0
211,0
212,0
213,1
214,1
215,0
216,0
217,0
218,0
219,1
220,1
221,0
222,0
223,0
224,0
225,0
226,0
227,0
228,0
229,0
230,5
231,0
232,0
233,6
234,0
235,0
236,10
237,0
238,0
239,0
240,0
241,0
242,0
243,1
244,0
245,0
246,0
247,0
248,0
249,0
250,0
251,0
252,0
253,0
254,3
255,0
256,0
257,0
258,0
259,1
260,0
261,0
262,0
263,0
264,0
265,12
266,0
267,0
268,0
269,0
270,0
271,0
272,0
273,0
274,0
275,0
276,6
277,0
278,0
279,0
280,63
281,0
282,1
283,0
284,1
285,0
286,0
287,0
288,0
289,0
290,4
291,1
292,0
293,0
294,41
295,0
296,1
297,0
298,0
299,0
300,0
301,0
302,2
303,0
304,0
305,0
306,0
307,0
308,0
309,0
310,0
311,0
312,0
313,1
314,0
315,4
316,0
317,1
318,0
319,0
320,1
321,0
322,0
323,10
324,0
325,0
326,0
327,0
328,0
329,0
330,0
331,0
332,4
333,0
334,0
335,2
336,0
337,0
338,0
339,0
340,0
341,0
342,0
343,0
344,0
345,0
346,0
347,2
348,7
349,0
350,0
351,0
352,0
353,4
354,2
355,1
356,0
357,0
358,0
359,0
360,0
361,0
362,0
363,4
364,0
365,0
366,0
367,0
368,0
369,0
370,0
371,0
372,0
373,0
374,8
375,5
376,0
377,0
378,0
379,0
380,10
381,47
382,23
383,0
384,0
385,0
386,0
387,0
388,2
389,0
390,3
391,0
392,2
393,0
394,2
395,0
396,0
397,0
398,1
399,0
400,0
401,0
402,23
403,0
404,0
405,0
406,0
407,0
408,0
409,0
410,0
411,0
412,0
413,0
414,0
415,0
416,0
417,2
418,1
419,0
420,0
421,1
422,0
423,0
424,2
425,1
426,0
427,0
428,1
429,0
430,0
431,0
432,1
433,0
434,2
435,0
436,0
437,0
438,0
439,0
440,0
441,0
442,0
443,0
444,0
445,0
446,0
447,0
448,0
449,0
450,0
451,0
452,0
453,0
454,14
455,0
456,1
457,0
458,0
459,0
460,0
461,0
462,0
463,0
464,0
465,1
466,5
467,0
468,1
469,0
470,24
471,0
472,0
473,0
474,0
475,0
476,0
477,0
478,0
479,158
480,0
481,2
482,0
483,0
484,2
485,0
486,6
487,22
488,0
489,0
490,0
491,0
492,0
493,0
494,0
495,0
496,0
497,0
498,0
499,0
500,0
501,0
502,0
503,0
504,8
505,0
506,5
507,0
508,11
509,6
510,0
511,1
512,0
513,0
514,0
515,2
516,0
517,0
518,0
519,0
520,1
521,2
522,0
523,0
524,2
525,2
526,0
527,2
528,6
529,4
530,2
531,0
532,0
533,5
534,1
535,0
536,0
537,0
538,0
539,2
540,0
541,0
542,0
543,0
544,0
545,0
546,74
547,0
548,7
549,0
550,0
551,0
552,0
553,0
554,0
555,3
556,0
557,0
558,1
559,5
560,2
561,8
562,0
563,0
564,0
565,1
566,0
567,0
568,0
569,0
570,0
571,0
572,2
573,0
574,0
575,0
576,1
577,0
578,1
579,0
580,1
581,0
582,1
583,0
584,0
585,36
586,0
587,0
588,0
589,1
590,0
591,3
592,0
593,0
594,0
595,1
596,0
597,0
598,0
599,0
600,0
601,15
602,0
603,0
604,0
605,0
606,0
607,1
608,0
609,0
610,0
611,0
612,0
613,0
614,1
615,0
616,0
617,0
618,1
619,0
620,2
621,0
622,0
623,0
624,0
625,0
626,0
627,0
628,0
629,1
630,39
631,0
632,0
633,3
634,0
635,0
636,0
637,0
638,0
639,2
640,2
641,0
642,8
643,2
644,0
645,1
646,0
647,19
648,0
649,36
650,3
651,0
652,2
653,0
654,0
655,0
656,0
657,0
658,13
659,0
660,0
661,0
662,0
663,1
664,13
665,0
666,2
667,0
668,0
669,0
670,12
671,0
672,1
673,0
674,0
675,1
676,2
677,1
678,1
679,0
680,2
681,1
682,2
683,1
684,0
685,0
686,0
687,2
688,12
689,0
690,0
691,0
692,0
693,0
694,0
695,0
696,0
697,0
698,0
699,0
700,0
701,0
702,0
703,0
704,0
705,0
706,0
707,0
708,0
709,0
710,0
711,0
712,0
713,0
714,12
715,0
716,0
717,0
718,0
719,0
720,0
721,0
722,0
723,0
724,2
725,0
726,0
727,0
728,0
729,0
730,0
731,0
732,1
733,0
734,1
735,0
736,0
737,1
738,0
739,0
740,0
741,13
742,0
743,0
744,6
745,12
746,0
747,5
748,0
749,0
750,0
751,0
752,0
753,0
754,5
755,0
756,0
757,2
758,0
759,4
760,0
761,0
762,1
763,2
764,0
765,0
766,0
767,0
768,0
769,0
770,1
771,0
772,1
773,0
774,0
775,0
776,0
777,0
778,0
779,0
780,1
781,0
782,0
783,0
784,0
785,0
786,0
787,0
788,1
789,0
790,0
791,0
792,0
793,0
794,0
795,0
796,0
797,0
798,22
799,0
800,4
801,0
802,0
803,0
804,0
805,1
806,0
807,0
808,0
809,0
810,0
811,0
812,0
813,0
814,1
815,0
816,6
817,0
818,0
819,0
820,0
821,0
822,0
823,0
824,0
825,0
826,0
827,0
828,0
829,0
830,0
831,5
832,0
833,0
834,1
835,0
836,2
837,2
838,0
839,0
840,0
841,1
842,0
843,0
844,0
845,0
846,0
847,1
848,1
849,0
850,0
851,1
852,0
853,0
854,0
855,0
856,0
857,0
858,0
859,0
860,0
861,0
862,0
863,0
864,0
865,0
866,0
867,0
868,0
869,28
870,1
871,0
872,0
873,21
874,0
875,0
876,0
877,0
878,1
879,0
880,0
881,7
882,0
883,0
884,0
885,0
886,51
887,13
888,2
889,0
890,0
891,0
892,0
893,2
894,0
895,0
896,0
897,32
898,0
899,0
900,0
901,0
902,8
903,0
904,0
905,0
906,0
907,1
908,2
909,0
910,0
911,1
912,3
913,0
914,0
915,0
916,175
917,1
918,0
919,0
920,0
921,0
922,0
923,0
924,0
925,0
926,0
927,0
928,1
929,0
930,0
931,1
932,0
933,0
934,0
935,1
936,23
937,0
938,1
939,3
940,0
941,0
942,5
943,0
944,0
945,11
946,5
947,0
948,0
949,1
950,0
951,0
952,4
953,0
954,20
955,0
956,7
957,3
958,0
959,0
960,0
961,0
962,0
963,0
964,0
965,0
966,0
967,0
968,1
969,36
970,0
971,1
972,0
973,0
974,5
975,0
976,0
977,1
978,1
979,19
980,1
981,0
982,4
983,0
984,5
985,0
986,0
987,8
988,6
989,0
990,0
991,0
992,0
993,0
994,0
995,1
996,6
997,0
998,0
999,0
1000,1
1001,0
1002,3
1003,0
1004,0
1005,0
1006,0
1007,0
1008,6
1009,0
1010,2
1011,1
1012,0
1013,0
1014,0
1015,1
1016,1
1017,0
1018,0
1019,0
1020,0
1021,1
1022,0
1023,0
1024,0
1025,0
1026,0
1027,0
1028,1
1029,0
1030,0
1031,1
1032,0
1033,0
1034,0
1035,0
1036,3
1037,0
1038,0
1039,1
1040,0
1041,0
1042,0
1043,0
1044,0
1045,0
1046,0
1047,0
1048,0
1049,0
1050,0
1051,0
1052,0
1053,0
1054,0
1055,14
1056,1
1057,2
1058,0
1059,0
1060,0
1061,0
1062,0
1063,0
1064,0
1065,0
1066,0
1067,0
1068,0
1069,0
1070,0
1071,0
1072,8
1073,0
1074,17
1075,0
1076,10
1077,0
1078,0
1079,0
1080,35
1081,0
1082,11
1083,0
1084,0
1085,0
1086,0
1087,0
1088,1
1089,3
1090,0
1091,0
1092,0
1093,0
1094,1
1095,2
1096,43
1097,0
1098,1
1099,2
1100,0
1101,0
1102,59
1103,0
1104,0
1105,0
1106,4
1107,0
1108,0
1109,164
1110,0
1111,0
1112,1
1113,0
1114,0
1115,0
1116,1
1117,0
1118,0
1119,15
1120,0
1121,0
1122,0
1123,0
1124,0
1125,1
1126,0
1127,0
1128,0
1129,0
1130,0
1131,2
1132,2
1133,0
1134,14
1135,1
1136,0
1137,0
1138,0
1139,0
1140,0
1141,3
1142,26
1143,0
1144,0
1145,1
1146,0
1147,0
1148,3
1149,0
1150,6
1151,0
1152,40
1153,0
1154,0
1155,17
1156,6
1157,0
1158,0
1159,5
1160,0
1161,0
1162,0
1163,0
1164,0
1165,1
1166,0
1167,0
1168,0
1169,0
1170,1
1171,0
1172,1
1173,0
1174,0
1175,4
1176,0
1177,0
1178,0
1179,0
1180,3
1181,0
1182,0
1183,0
1184,0
1185,0
1186,0
1187,0
1188,0
1189,0
1190,0
1191,0
1192,0
1193,0
1194,0
1195,7
1196,6
1197,0
1198,0
1199,0
1200,0
1201,0
1202,0
1203,3
1204,3
1205,0
1206,4
1207,0
1208,0
1209,0
1210,0
1211,0
1212,4
1213,0
1214,0
1215,0
1216,0
1217,2
1218,0
1219,1
1220,2
1221,0
1222,0
1223,0
1224,0
1225,0
1226,0
1227,3
1228,1
1229,2
1230,4
1231,0
1232,0
1233,5
1234,0
1235,4
1236,3
1237,0
1238,0
1239,8
1240,0
1241,0
1242,0
1243,0
1244,5
1245,0
1246,0
1247,0
1248,0
1249,0
1250,0
1251,0
1252,0
1253,0
1254,0
1255,4
1256,0
1257,0
1258,2
1259,0
1260,0
1261,2
1262,0
1263,0
1264,0
1265,0
1266,0
1267,0
1268,0
1269,0
1270,0
1271,1
1272,0
1273,2
1274,0
1275,0
1276,0
1277,0
1278,0
1279,3
1280,0
1281,0
1282,1
1283,0
1284,0
1285,0
1286,8
1287,0
1288,0
1289,0
1290,1
1291,0
1292,0
1293,1
1294,0
1295,0
1296,0
1297,0
1298,0
1299,0
1300,0
1301,0
1302,0
1303,31
1304,3
1305,1
1306,0
1307,1
1308,0
1309,0
1310,0
1311,0
1312,0
1313,0
1314,0
1315,0
1316,0
1317,0
1318,0
1319,0
1320,0
1321,89
1322,2
1323,0
1324,0
1325,0
1326,0
1327,0
1328,0
1329,0
1330,0
1331,0
1332,0
1333,0
1334,0
1335,1
1336,0
1337,0
1338,0
1339,0
1340,0
1341,0
1342,0
1343,0
1344,0
1345,11
1346,58
1347,0
1348,17
1349,0
1350,0
1351,29
1352,1
1353,16
1354,9
1355,0
1356,0
1357,0
1358,0
1359,0
1360,0
1361,0
1362,0
1363,0
1364,0
1365,0
1366,1
1367,2
1368,0
1369,0
1370,5
1371,0
1372,2
1373,6
1374,0
1375,0
1376,1
1377,0
1378,1
1379,1
1380,0
1381,1
1382,2
1383,0
1384,0
1385,0
1386,1
1387,0
1388,4
1389,0
1390,0
1391,0
1392,1
1393,0
1394,1
1395,1
1396,0
1397,0
1398,2
1399,0
1400,5
1401,0
1402,0
1403,0
1404,2
1405,0
1406,0
1407,0
1408,0
1409,0
1410,0
1411,0
1412,2
1413,0
1414,0
1415,0
1416,0
1417,0
1418,0
1419,0
1420,1
1421,4
1422,1
1423,1
1424,0
1425,1
1426,0
1427,0
1428,0
1429,0
1430,0
1431,0
1432,0
1433,0
1434,0
1435,1
1436,0
1437,0
1438,0
1439,0
1440,1
1441,0
1442,0
1443,0
1444,0
1445,0
1446,0
1447,0
1448,0
1449,4
1450,0
1451,0
1452,0
1453,0
1454,0
1455,0
1456,0
1457,0
1458,0
1459,0
1460,0
1461,0
1462,0
1463,0
1464,0
1465,0
1466,0
1467,0
1468,0
1469,0
1470,0
1471,0
1472,0
1473,0
1474,0
1475,0
1476,0
1477,1
1478,2
1479,0
1480,4
1481,0
1482,0
1483,0
1484,0
1485,0
1486,0
1487,1
1488,0
1489,13
1490,0
1491,2
1492,1
1493,1
1494,0
1495,0
1496,0
1497,0
1498,0
1499,0
1500,0
1501,0
1502,0
1503,0
1504,0
1505,0
1506,0
1507,42
1508,0
1509,0
1510,0
1511,0
1512,0
1513,1
1514,0
1515,0
1516,14
1517,0
1518,0
1519,0
1520,0
1521,0
1522,3
1523,0
1524,0
1525,6
1526,1
1527,9
1528,14
1529,0
1530,0
1531,1
1532,0
1533,0
1534,0
1535,0
1536,0
1537,0
1538,4
1539,0
1540,0
1541,0
1542,2
1543,5
1544,0
1545,0
1546,0
1547,0
1548,0
1549,0
1550,16
1551,0
1552,0
1553,0
1554,0
1555,2
1556,3
1557,1
1558,2
1559,0
1560,0
1561,2
1562,6
1563,34
1564,0
1565,0
1566,0
1567,0
1568,3
1569,0
1570,1
1571,0
1572,0
1573,0
1574,0
1575,20
1576,0
1577,0
1578,0
1579,0
1580,2
1581,0
1582,1
1583,0
1584,0
1585,0
1586,0
1587,0
1588,0
1589,2
1590,0
1591,0
1592,0
1593,0
1594,0
1595,0
1596,0
1597,0
1598,0
1599,1
1600,0
1601,0
1602,0
1603,1
1604,0
1605,5
1606,0
1607,0
1608,0
1609,0
1610,0
1611,0
1612,0
1613,0
1614,0
1615,1
1616,6
1617,1
1618,0
1619,0
1620,5
1621,0
1622,3
1623,0
1624,3
1625,0
1626,2
1627,0
1628,0
1629,2
1630,2
1631,0
1632,4
1633,0
1634,0
1635,0
1636,1
1637,0
1638,44
1639,0
1640,0
1641,0
1642,1
1643,0
1644,0
1645,0
1646,0
1647,3
1648,0
1649,0
1650,0
1651,0
1652,0
1653,0
1654,0
1655,2
1656,3
1657,0
1658,3
1659,0
1660,0
1661,0
1662,0
1663,0
1664,0
1665,0
1666,0
1667,1
1668,0
1669,0
1670,13
1671,7
1672,2
1673,1
1674,0
1675,2
1676,0
1677,0
1678,1
1679,0
1680,2
1681,0
1682,2
1683,0
1684,24
1685,0
1686,0
1687,0
1688,0
1689,0
1690,0
1691,0
1692,0
1693,0
1694,0
1695,0
1696,0
1697,0
1698,0
1699,0
1700,0
1701,0
1702,0
1703,0
1704,0
1705,0
1706,1
1707,0
1708,0
1709,3
1710,0
1711,0
1712,0
1713,2
1714,0
1715,0
1716,0
1717,0
1718,0
1719,0
1720,0
1721,0
1722,0
1723,2
1724,0
1725,0
1726,2
1727,0
1728,13
1729,0
1730,0
1731,7
1732,0
1733,2
1734,0
1735,0
1736,0
1737,0
1738,0
1739,0
1740,0
1741,156
1742,0
1743,0
1744,4
1745,5
1746,0
1747,0
1748,0
1749,0
1750,0
1751,0
1752,6
1753,11
1754,0
1755,0
1756,0
1757,0
1758,0
1759,0
1760,2
1761,0
1762,0
1763,0
1764,0
1765,0
1766,5
1767,2
1768,0
1769,0
1770,0
1771,0
1772,0
1773,0
1774,0
1775,1
1776,0
1777,0
1778,0
1779,0
1780,0
1781,1
1782,0
1783,0
1784,5
1785,0
1786,2
1787,0
1788,0
1789,0
1790,0
1791,0
1792,2
1793,0
1794,12
1795,0
1796,0
1797,0
1798,4
1799,4
1800,2
1801,0
1802,0
1803,0
1804,3
1805,0
1806,0
1807,1
1808,0
1809,1
1810,0
1811,0
1812,7
1813,0
1814,0
1815,0
1816,0
1817,0
1818,0
1819,0
1820,1
1821,1
1822,0
1823,3
1824,0
1825,0
1826,0
1827,0
1828,0
1829,5
1830,0
1831,0
1832,0
1833,0
1834,0
1835,1
1836,0
1837,0
1838,0
1839,0
1840,0
1841,0
1842,1
1843,0
1844,1
1845,0
1846,0
1847,0
1848,0
1849,0
1850,0
1851,0
1852,0
1853,1
1854,0
1855,0
1856,0
1857,3
1858,4
1859,0
1860,0
1861,13
1862,6
1863,0
1864,1
1865,1
1866,0
1867,2
1868,0
1869,0
1870,0
1871,0
1872,0
1873,0
1874,0
1875,0
1876,0
1877,0
1878,1
1879,0
1880,0
1881,0
1882,0
1883,2
1884,0
1885,0
1886,1
1887,0
1888,0
1889,0
1890,0
1891,1
1892,0
1893,1
1894,3
1895,0
1896,0
1897,0
1898,0
1899,0
1900,0
1901,0
1902,0
1903,0
1904,0
1905,0
1906,0
1907,0
1908,0
1909,0
1910,3
1911,0
1912,0
1913,0
1914,0
1915,1
1916,0
1917,0
1918,0
1919,0
1920,2
1921,0
1922,0
1923,0
1924,0
1925,1
1926,0
1927,0
1928,1
1929,0
1930,5
1931,1
1932,4
1933,0
1934,0
1935,4
1936,0
1937,0
1938,0
1939,0
1940,0
1941,0
1942,0
1943,34
1944,0
1945,0
1946,0
1947,2
1948,0
1949,0
1950,0
1951,0
1952,0
1953,1
1954,0
1955,1
1956,1
1957,1
1958,0
1959,0
1960,0
1961,3
1962,1
1963,0
1964,0
1965,1
1966,12
1967,79
1968,0
1969,1
1970,0
1971,0
1972,2
1973,0
1974,0
1975,1
1976,21
1977,0
1978,1
1979,167
1980,0
1981,2
1982,0
1983,0
1984,0
1985,0
1986,0
1987,0
1988,0
1989,0
1990,0
1991,0
1992,0
1993,0
1994,3
1995,0
1996,0
1997,0
1998,2
1999,0
2000,0
2001,0
2002,0
2003,0
2004,0
2005,0
2006,6
2007,0
2008,0
2009,13
2010,0
2011,0
2012,41
2013,0
2014,0
2015,0
2016,0
2017,0
2018,0
2019,5
2020,0
2021,0
2022,2
2023,0
2024,0
2025,0
2026,0
2027,1
2028,0
2029,9
2030,1
2031,1
2032,0
2033,0
2034,0
2035,0
2036,0
2037,9
2038,2
2039,0
2040,5
2041,0
2042,0
2043,0
2044,12
2045,0
2046,1
2047,2
2048,0
2049,0
2050,0
2051,22
2052,0
2053,0
2054,0
2055,0
2056,0
2057,0
2058,0
2059,0
2060,0
2061,0
2062,0
2063,0
2064,1
2065,0
2066,0
2067,0
2068,8
2069,0
2070,0
2071,0
2072,0
2073,0
2074,0
2075,11
2076,1
2077,3
2078,0
2079,0
2080,1
2081,0
2082,0
2083,0
2084,0
2085,0
2086,1
2087,0
2088,0
2089,0
2090,1
2091,0
2092,0
2093,0
2094,0
2095,1
2096,0
2097,1
2098,1
2099,0
2100,0
2101,0
2102,0
2103,1
2104,0
2105,1
2106,0
2107,3
2108,0
2109,0
2110,1
2111,0
2112,0
2113,0
2114,2
2115,0
2116,0
2117,2
2118,0
2119,0
2120,0
2121,0
2122,2
2123,0
2124,3
2125,0
2126,0
2127,0
2128,5
2129,0
2130,0
2131,0
2132,0
2133,0
2134,0
2135,3
2136,2
2137,0
2138,0
2139,0
2140,0
2141,0
2142,0
2143,0
2144,2
2145,0
2146,1
2147,0
2148,1
2149,0
2150,0
2151,2
2152,4
2153,0
2154,0
2155,0
2156,0
2157,0
2158,1
2159,1
2160,0
2161,2
2162,1
2163,0
2164,1
2165,1
2166,9
2167,0
2168,0
2169,0
2170,0
2171,2
2172,3
2173,0
2174,0
2175,0
2176,0
2177,0
2178,0
2179,0
2180,0
2181,0
2182,0
2183,7
2184,3
2185,0
2186,0
2187,0
2188,0
2189,0
2190,0
2191,0
2192,2
2193,2
2194,0
2195,0
2196,0
2197,0
2198,0
2199,2
2200,0
2201,0
2202,0
2203,1
2204,0
2205,1
2206,0
2207,0
2208,2
2209,0
2210,0
2211,0
2212,0
2213,0
2214,0
2215,5
2216,0
2217,0
2218,0
2219,0
2220,0
2221,0
2222,0
2223,1
2224,0
2225,0
2226,0
2227,0
2228,0
2229,0
2230,3
2231,0
2232,0
2233,0
2234,5
2235,0
2236,0
2237,0
2238,1
2239,0
2240,6
2241,100
2242,0
2243,0
2244,0
2245,0
2246,0
2247,0
2248,0
2249,0
2250,0
2251,0
2252,0
2253,0
2254,5
2255,0
2256,0
2257,0
2258,0
2259,0
2260,0
2261,1
2262,0
2263,0
2264,0
2265,1
2266,0
2267,0
2268,0
2269,1
2270,0
2271,0
2272,0
2273,0
2274,0
2275,0
2276,0
2277,0
2278,1
2279,0
2280,0
2281,0
2282,0
2283,0
2284,0
2285,0
2286,0
2287,1
2288,10
2289,0
2290,0
2291,0
2292,0
2293,5
2294,0
2295,0
2296,3
2297,0
2298,0
2299,0
2300,0
2301,0
2302,0
2303,0
2304,0
2305,0
2306,0
2307,0
2308,0
2309,2
2310,0
2311,1
2312,0
2313,0
2314,0
2315,2
2316,0
2317,0
2318,0
2319,1
2320,0
2321,2
2322,0
2323,0
2324,0
2325,2
2326,0
2327,0
2328,0
2329,0
2330,0
2331,1
2332,2
2333,1
2334,0
2335,1
2336,5
2337,0
2338,0
2339,0
2340,2
2341,1
2342,2
2343,0
2344,0
2345,0
2346,2
2347,0
2348,0
2349,88
2350,0
2351,0
2352,0
2353,1
2354,0
2355,0
2356,0
2357,2
2358,0
2359,0
2360,0
2361,0
2362,0
2363,0
2364,0
2365,0
2366,0
2367,0
2368,0
2369,0
2370,0
2371,0
2372,0
2373,0
2374,0
2375,0
2376,1
2377,4
2378,0
2379,0
2380,1
2381,3
2382,1
2383,1
2384,0
2385,0
2386,0
2387,1
2388,0
2389,0
2390,0
2391,0
2392,0
2393,0
2394,3
2395,0
2396,4
2397,2
2398,3
2399,0
2400,0
2401,2
2402,0
2403,0
2404,0
2405,0
2406,0
2407,0
2408,56
2409,0
2410,1
2411,0
2412,0
2413,0
2414,0
2415,0
2416,0
2417,0
2418,181
2419,0
2420,0
2421,0
2422,0
2423,0
2424,0
2425,5
2426,0
2427,0
2428,0
2429,1
2430,3
2431,0
2432,0
2433,3
2434,0
2435,1
2436,3
2437,0
2438,1
2439,0
2440,0
2441,0
2442,0
2443,0
2444,0
2445,0
2446,0
2447,0
2448,0
2449,0
2450,0
2451,0
2452,0
2453,1
2454,2
2455,0
2456,0
2457,0
2458,0
2459,0
2460,0
2461,0
2462,0
2463,0
2464,1
2465,0
2466,0
2467,0
2468,0
2469,0
2470,0
2471,0
2472,2
2473,0
2474,0
2475,0
2476,0
2477,3
2478,4
2479,8
2480,2
2481,3
2482,0
2483,0
2484,0
2485,0
2486,0
2487,1
2488,0
2489,0
2490,0
2491,0
2492,0
2493,0
2494,0
2495,0
2496,2
2497,0
2498,0
2499,0
2500,0
2501,0
2502,3
2503,0
2504,2
2505,12
2506,0
2507,0
2508,0
2509,1
2510,0
2511,0
2512,0
2513,0
2514,0
2515,1
2516,1
2517,9
2518,0
2519,0
2520,0
2521,1
2522,0
2523,3
2524,0
2525,2
2526,3
2527,0
2528,0
2529,0
2530,0
2531,0
2532,0
2533,0
2534,1
2535,0
2536,0
2537,0
2538,1
2539,0
2540,9
2541,0
2542,1
2543,0
2544,0
2545,0
2546,3
2547,0
2548,1
2549,0
2550,0
2551,1
2552,0
2553,0
2554,2
2555,0
2556,0
2557,0
2558,0
2559,2
2560,0
2561,0
2562,0
2563,0
2564,5
2565,0
2566,0
2567,0
2568,0
2569,0
2570,2
2571,0
2572,3
2573,0
2574,0
2575,0
2576,0
2577,0
2578,0
2579,3
2580,0
2581,0
2582,1
2583,0
2584,0
2585,0
2586,0
2587,0
2588,0
2589,0
2590,2
2591,0
2592,0
2593,1
2594,0
2595,0
2596,0
2597,0
2598,0
2599,0
2600,0
2601,0
2602,0
2603,1
2604,0
2605,1
2606,0
2607,0
2608,0
2609,3
2610,0
2611,0
2612,0
2613,0
2614,0
2615,4
2616,0
2617,0
2618,0
2619,0
2620,0
2621,0
2622,3
2623,0
2624,0
2625,0
2626,25
2627,0
2628,0
2629,0
2630,1
2631,0
2632,0
2633,0
2634,3
2635,1
2636,2
2637,0
2638,0
2639,0
2640,0
2641,0
2642,0
2643,0
2644,0
2645,0
2646,5
2647,0
2648,0
2649,0
2650,0
2651,0
2652,0
2653,0
2654,21
2655,0
2656,0
2657,5
2658,1
2659,0
2660,0
2661,0
2662,0
2663,1
2664,3
2665,2
2666,0
2667,0
2668,0
2669,0
2670,0
2671,0
2672,0
2673,0
2674,8
2675,0
2676,0
2677,0
2678,0
2679,1
2680,0
2681,13
2682,43
2683,2
2684,3
2685,0
2686,0
2687,3
2688,0
2689,0
2690,0
2691,0
2692,1
2693,9
2694,1
2695,0
2696,1
2697,1
2698,0
2699,0
2700,1
2701,5
2702,7
2703,1
2704,5
2705,0
2706,4
2707,0
2708,0
2709,0
2710,0
2711,0
2712,2
2713,0
2714,0
2715,0
2716,0
2717,0
2718,0
2719,0
2720,1
2721,1
2722,4
2723,0
2724,0
2725,0
2726,0
2727,216
2728,0
2729,0
2730,0
2731,0
2732,4
2733,0
2734,1
2735,0
2736,0
2737,0
2738,0
2739,12
2740,0
2741,0
2742,0
2743,0
2744,13
2745,1
2746,6
2747,2
2748,0
2749,1
2750,1
2751,0
2752,0
2753,0
2754,0
2755,0
2756,0
2757,0
2758,5
2759,0
2760,0
2761,0
2762,0
2763,0
2764,0
2765,0
2766,0
2767,0
2768,0
2769,0
2770,33
2771,0
2772,3
2773,0
2774,0
2775,0
2776,0
2777,0
2778,0
2779,0
2780,0
2781,0
2782,0
2783,0
2784,0
2785,0
2786,74
2787,1
2788,2
2789,0
2790,38
2791,0
2792,0
2793,0
2794,1
2795,0
2796,0
2797,0
2798,1
2799,0
2800,0
2801,0
2802,21
2803,7
2804,0
2805,0
2806,0
2807,0
2808,0
2809,1
2810,0
2811,2
2812,0
2813,0
2814,0
2815,0
2816,8
2817,0
2818,0
2819,0
2820,0
2821,0
2822,0
2823,0
2824,0
2825,0
2826,1
2827,0
2828,0
2829,0
2830,0
2831,0
2832,0
2833,0
2834,2
2835,0
2836,7
2837,1
2838,1
2839,0
2840,0
2841,0
2842,24
2843,1
2844,0
2845,15
2846,0
2847,0
2848,0
2849,0
2850,71
2851,1
2852,0
2853,0
2854,0
2855,0
2856,0
2857,1
2858,0
2859,0
2860,0
2861,0
2862,0
2863,0
2864,15
2865,1
2866,12
2867,0
2868,0
2869,0
2870,0
2871,1
2872,0
2873,0
2874,0
2875,0
2876,0
2877,10
2878,1
2879,0
2880,7
2881,0
2882,0
2883,37
2884,0
2885,0
2886,53
2887,0
2888,0
2889,0
2890,0
2891,67
2892,0
2893,0
2894,0
2895,0
2896,0
2897,0
2898,0
2899,2
2900,0
2901,0
2902,0
2903,0
2904,1
2905,0
2906,0
2907,0
2908,0
2909,0
2910,0
2911,32
2912,1
2913,23
2914,0
2915,0
2916,0
2917,0
2918,2
2919,2
2920,0
2921,0
2922,50
2923,6
2924,8
2925,11
2926,3
2927,0
2928,18
2929,0
2930,0
2931,0
2932,0
2933,1
2934,0
2935,1
2936,2
2937,1
2938,0
2939,0
2940,0
2941,0
2942,3
2943,0
2944,0
2945,0
2946,5
2947,0
2948,0
2949,10
2950,0
2951,0
2952,0
2953,1
2954,0
2955,1
2956,0
2957,0
2958,3
2959,0
2960,0
2961,0
2962,0
2963,32
2964,0
2965,3
2966,0
2967,23
2968,0
2969,0
2970,1
2971,0
2972,0
2973,0
2974,0
2975,0
2976,0
2977,1
2978,0
2979,0
2980,0
2981,30
2982,0
2983,0
2984,0
2985,0
2986,2
2987,0
2988,1
2989,2
2990,0
2991,4
2992,0
2993,0
2994,0
2995,266
2996,0
2997,0
2998,0
2999,4
3000,4
3001,1
3002,0
3003,0
3004,3
3005,3
3006,0
3007,0
3008,0
3009,0
3010,1
3011,0
3012,3
3013,0
3014,2
3015,0
3016,0
3017,1
3018,0
3019,0
3020,0
3021,1
3022,0
3023,1
3024,1
3025,0
3026,0
3027,2
3028,0
3029,0
3030,0
3031,2
3032,0
3033,0
3034,0
3035,0
3036,0
3037,1
3038,2
3039,0
3040,0
3041,0
3042,0
3043,0
3044,8
3045,1
3046,0
3047,0
3048,0
3049,2
3050,0
3051,2
3052,0
3053,0
3054,0
3055,0
3056,0
3057,2
3058,1
3059,0
3060,0
3061,1
3062,9
3063,0
3064,0
3065,0
3066,0
3067,0
3068,0
3069,0
3070,0
3071,0
3072,0
3073,1
3074,6
3075,1
3076,0
3077,0
3078,2
3079,0
3080,2
3081,0
3082,0
3083,0
3084,0
3085,0
3086,0
3087,0
3088,0
3089,0
3090,0
3091,1
3092,2
3093,0
3094,0
3095,0
3096,3
3097,9
3098,0
3099,2
3100,0
3101,0
3102,0
3103,0
3104,0
3105,0
3106,0
3107,0
3108,1
3109,0
3110,0
3111,1
3112,0
3113,0
3114,0
3115,3
3116,1
3117,0
3118,0
3119,0
3120,2
3121,0
3122,0
3123,0
3124,56
3125,0
3126,0
3127,1
3128,0
3129,0
3130,0
3131,0
3132,0
3133,0
3134,1
3135,0
3136,0
3137,1
3138,0
3139,0
3140,1
3141,3
3142,0
3143,0
3144,3
3145,0
3146,0
3147,0
3148,0
3149,0
3150,0
3151,0
3152,1
3153,0
3154,0
3155,0
3156,0
3157,4
3158,0
3159,0
3160,6
3161,61
3162,0
3163,0
3164,0
3165,0
3166,0
3167,1
3168,13
3169,0
3170,2
3171,0
3172,0
3173,1
3174,0
3175,0
3176,0
3177,0
3178,0
3179,0
3180,0
3181,0
3182,0
3183,2
3184,0
3185,0
3186,0
3187,1
3188,1
3189,0
3190,0
3191,0
3192,0
3193,1
3194,0
3195,4
3196,6
3197,0
3198,15
3199,2
3200,0
3201,1
3202,0
3203,1
3204,0
3205,0
3206,0
3207,0
3208,0
3209,0
3210,1
3211,0
3212,1
3213,1
3214,5
3215,0
3216,0
3217,5
3218,0
3219,0
3220,0
3221,4
3222,1
3223,7
3224,0
3225,6
3226,0
3227,0
3228,0
3229,1
3230,3
3231,56
3232,0
3233,0
3234,0
3235,189
3236,0
3237,0
3238,0
3239,4
3240,0
3241,0
3242,0
3243,0
3244,1
3245,2
3246,4
3247,1
3248,0
3249,0
3250,0
3251,0
3252,0
3253,0
3254,0
3255,2
3256,0
3257,0
3258,0
3259,8
3260,0
3261,0
3262,0
3263,1
3264,0
3265,9
3266,1
3267,2
3268,2
3269,0
3270,0
3271,0
3272,0
3273,28
3274,0
3275,0
3276,0
3277,0
3278,2
3279,2
3280,0
3281,0
3282,0
3283,1
3284,1
3285,0
3286,0
3287,0
3288,0
3289,0
3290,6
3291,0
3292,0
3293,0
3294,0
3295,0
3296,0
3297,0
3298,0
3299,0
3300,1
3301,0
3302,0
3303,2
3304,0
3305,0
3306,0
3307,1
3308,0
3309,0
3310,0
3311,0
3312,0
3313,0
3314,0
3315,0
3316,0
3317,0
3318,0
3319,1
3320,0
3321,4
3322,4
3323,2
3324,0
3325,1
3326,0
3327,0
3328,2
3329,2
3330,0
3331,0
3332,0
3333,0
3334,0
3335,1
3336,2
3337,0
3338,0
3339,3
3340,0
3341,2
3342,10
3343,4
3344,0
3345,3
3346,0
3347,0
3348,0
3349,0
3350,0
3351,0
3352,0
3353,0
3354,0
3355,0
3356,0
3357,0
3358,0
3359,0
3360,0
3361,0
3362,0
3363,0
3364,0
3365,0
3366,0
3367,0
3368,0
3369,0
3370,2
3371,0
3372,1
3373,0
3374,0
3375,0
3376,0
3377,10
3378,0
3379,0
3380,0
3381,5
3382,0
3383,0
3384,0
3385,1
3386,0
3387,51
3388,3
3389,0
3390,0
3391,0
3392,0
3393,9
3394,1
3395,0
3396,0
3397,1
3398,3
3399,0
3400,1
3401,0
3402,0
3403,2
3404,0
3405,0
3406,0
3407,0
3408,0
3409,0
3410,0
3411,0
3412,0
3413,0
3414,0
3415,0
3416,2
3417,0
3418,0
3419,0
3420,6
3421,0
3422,0
3423,0
3424,0
3425,0
3426,0
3427,1
3428,0
3429,0
3430,0
3431,0
3432,0
3433,0
3434,0
3435,1
3436,0
3437,0
3438,0
3439,1
3440,0
3441,0
3442,3
3443,0
3444,0
3445,0
3446,0
3447,0
3448,0
3449,3
3450,0
3451,0
3452,0
3453,1
3454,0
3455,0
3456,7
3457,1
3458,0
3459,1
3460,0
3461,0
3462,0
3463,0
3464,0
3465,1
3466,1
3467,0
3468,0
3469,0
3470,0
3471,1
3472,1
3473,1
3474,1
3475,2
3476,0
3477,1
3478,1
3479,11
3480,23
3481,8
3482,0
3483,1
3484,0
3485,0
3486,0
3487,0
3488,0
3489,0
3490,0
3491,0
3492,0
3493,4
3494,0
3495,0
3496,15
3497,0
3498,1
3499,0
3500,0
3501,2
3502,0
3503,12
3504,1
3505,0
3506,0
3507,0
3508,0
3509,0
3510,0
3511,0
3512,28
3513,4
3514,6
3515,0
3516,1
3517,1
3518,0
3519,0
3520,0
3521,8
3522,28
3523,5
3524,1
3525,5
3526,3
3527,0
3528,2
3529,0
3530,0
3531,0
3532,15
3533,1
3534,1
3535,11
3536,0
3537,0
3538,0
3539,6
3540,17
3541,1
3542,0
3543,1
3544,0
3545,0
3546,22
3547,0
3548,0
3549,14
3550,0
3551,0
3552,0
3553,0
3554,0
3555,0
3556,0
3557,0
3558,0
3559,11
3560,0
3561,0
3562,0
3563,1
3564,0
3565,0
3566,0
3567,0
3568,0
3569,5
3570,6
3571,1
3572,1
3573,1
3574,9
3575,0
3576,1
3577,11
3578,0
3579,0
3580,0
3581,0
3582,0
3583,0
3584,3
3585,0
3586,0
3587,0
3588,0
3589,0
3590,0
3591,0
3592,0
3593,17
3594,0
3595,2
3596,3
3597,0
3598,35
3599,0
3600,0
3601,0
3602,154
3603,0
3604,1
3605,10
3606,0
3607,0
3608,7
3609,0
3610,0
3611,1
3612,0
3613,1
3614,0
3615,15
3616,0
3617,0
3618,3
3619,0
3620,0
3621,0
3622,0
3623,1
3624,0
3625,0
3626,1
3627,0
3628,0
3629,0
3630,0
3631,0
3632,0
3633,6
3634,0
3635,1
3636,0
3637,0
3638,0
3639,0
3640,0
3641,5
3642,0
3643,0
3644,0
3645,0
3646,0
3647,0
3648,0
3649,0
3650,0
3651,0
3652,2
3653,0
3654,0
3655,0
3656,1
3657,0
3658,0
3659,2
3660,0
3661,1
3662,1
3663,0
3664,0
3665,0
3666,6
3667,8
3668,0
3669,0
3670,1
3671,0
3672,1
3673,0
3674,0
3675,0
3676,0
3677,1
3678,0
3679,0
3680,1
3681,0
3682,4
3683,6
3684,0
3685,0
3686,0
3687,0
3688,4
3689,0
3690,5
3691,0
3692,21
3693,0
3694,7
3695,0
3696,0
3697,0
3698,0
3699,0
3700,0
3701,0
3702,4
3703,10
3704,0
3705,1
3706,30
3707,0
3708,0
3709,0
3710,0
3711,0
3712,0
3713,0
3714,14
3715,0
3716,23
3717,3
3718,2
3719,0
3720,7
3721,0
3722,0
3723,0
3724,0
3725,0
3726,0
3727,0
3728,0
3729,0
3730,0
3731,0
3732,0
3733,0
3734,0
3735,0
3736,2
3737,0
3738,0
3739,0
3740,1
3741,1
3742,1
3743,1
3744,5
3745,0
3746,30
3747,3
3748,1
3749,1
3750,0
3751,0
3752,4
3753,0
3754,0
3755,0
3756,4
3757,0
3758,0
3759,0
3760,0
3761,1
3762,0
3763,0
3764,0
3765,0
3766,12
3767,0
3768,0
3769,0
3770,0
3771,0
3772,1
3773,1
3774,0
3775,0
3776,0
3777,1
3778,0
3779,0
3780,0
3781,2
3782,0
3783,7
3784,0
3785,0
3786,4
3787,0
3788,0
3789,0
3790,0
3791,0
3792,0
3793,0
3794,0
3795,0
3796,0
3797,0
3798,0
3799,19
3800,0
3801,8
3802,0
3803,0
3804,0
3805,0
3806,0
3807,0
3808,0
3809,7
3810,0
3811,0
3812,0
3813,0
3814,0
3815,0
3816,0
3817,0
3818,1
3819,0
3820,0
3821,0
3822,0
3823,0
3824,3
3825,0
3826,0
3827,0
3828,0
3829,0
3830,1
3831,0
3832,0
3833,0
3834,1
3835,0
3836,0
3837,0
3838,0
3839,0
3840,0
3841,2
3842,0
3843,0
3844,0
3845,0
3846,0
3847,0
3848,0
3849,0
3850,0
3851,2
3852,3
3853,0
3854,0
3855,0
3856,0
3857,0
3858,0
3859,2
3860,1
3861,2
3862,2
3863,0
3864,0
3865,0
3866,0
3867,0
3868,1
3869,0
3870,0
3871,0
3872,0
3873,1
3874,0
3875,5
3876,1
3877,0
3878,0
3879,1
3880,0
3881,0
3882,0
3883,0
3884,0
3885,2
3886,0
3887,0
3888,0
3889,0
3890,0
3891,0
3892,0
3893,1
3894,0
3895,0
3896,0
3897,25
3898,0
3899,0
3900,1
3901,4
3902,0
3903,3
3904,0
3905,0
3906,0
3907,0
3908,3
3909,0
3910,5
3911,0
3912,0
3913,0
3914,0
3915,6
3916,0
3917,0
3918,0
3919,3
3920,1
3921,1
3922,0
3923,17
3924,0
3925,0
3926,0
3927,19
3928,4
3929,0
3930,0
3931,1
3932,1
3933,0
3934,1
3935,4
3936,0
3937,5
3938,2
3939,0
3940,0
3941,1
3942,0
3943,2
3944,1
3945,0
3946,1
3947,0
3948,0
3949,2
3950,0
3951,0
3952,0
3953,0
3954,2
3955,0
3956,1
3957,0
3958,0
3959,0
3960,0
3961,3
3962,1
3963,0
3964,0
3965,0
3966,0
3967,0
3968,1
3969,2
3970,0
3971,0
3972,0
3973,0
3974,0
3975,0
3976,0
3977,1
3978,0
3979,0
3980,0
3981,0
3982,0
3983,0
3984,0
3985,0
3986,0
3987,6
3988,1
3989,0
3990,0
3991,0
3992,6
3993,0
3994,0
3995,5
3996,0
3997,0
3998,0
3999,0
4000,0
4001,6
4002,14
4003,0
4004,1
4005,0
4006,0
4007,0
4008,0
4009,10
4010,0
4011,0
4012,0
4013,0
4014,0
4015,0
4016,3
4017,2
4018,0
4019,4
4020,3
4021,5
4022,0
4023,2
4024,0
4025,0
4026,1
4027,0
4028,1
4029,0
4030,0
4031,0
4032,2
4033,0
4034,0
4035,0
4036,0
4037,0
4038,0
4039,4
4040,0
4041,0
4042,0
4043,1
4044,0
4045,0
4046,0
4047,2
4048,0
4049,0
4050,0
4051,0
4052,0
4053,29
4054,0
4055,2
4056,0
4057,0
4058,0
4059,0
4060,0
4061,0
4062,0
4063,0
4064,1
4065,0
4066,0
4067,0
4068,0
4069,0
4070,0
4071,1
4072,0
4073,1
4074,0
4075,13
4076,6
4077,0
4078,0
4079,1
4080,0
4081,0
4082,0
4083,2
4084,0
4085,0
4086,0
4087,2
4088,2
4089,0
4090,0
4091,0
4092,1
4093,8
4094,3
4095,0
4096,0
4097,0
4098,0
4099,2
4100,5
4101,0
4102,0
4103,0
4104,0
4105,0
4106,0
4107,0
4108,33
4109,2
4110,0
4111,0
4112,0
4113,0
4114,0
4115,0
4116,0
4117,0
4118,0
4119,0
4120,0
4121,0
4122,210
4123,0
4124,1
4125,0
4126,0
4127,1
4128,0
4129,0
